rate_date;currency;rate_to_rub
2024-01-01;USD;91.7918
2024-01-01;CNY;12.6967
2024-01-02;USD;91.4768
2024-01-02;CNY;12.7444
2024-01-03;USD;91.7812
2024-01-03;CNY;12.7789
2024-01-04;USD;92.1919
2024-01-04;CNY;12.6877
2024-01-05;USD;92.9709
2024-01-05;CNY;12.8148
2024-01-08;USD;93.5682
2024-01-08;CNY;12.749
2024-01-09;USD;93.5423
2024-01-09;CNY;12.8182
2024-01-10;USD;93.4376
2024-01-10;CNY;12.7552
2024-01-11;USD;93.2973
2024-01-11;CNY;12.7019
2024-01-12;USD;94.2465
2024-01-12;CNY;12.6772
2024-01-15;USD;93.0586
2024-01-15;CNY;12.6968
2024-01-16;USD;93.0347
2024-01-16;CNY;12.7064
2024-01-17;USD;92.591
2024-01-17;CNY;12.6323
2024-01-18;USD;92.3546
2024-01-18;CNY;12.5754
2024-01-19;USD;91.9674
2024-01-19;CNY;12.4624
2024-01-22;USD;91.786
2024-01-22;CNY;12.3457
2024-01-23;USD;91.3072
2024-01-23;CNY;12.3237
2024-01-24;USD;91.5489
2024-01-24;CNY;12.2321
2024-01-25;USD;91.7268
2024-01-25;CNY;12.3411
2024-01-26;USD;91.4685
2024-01-26;CNY;12.4326
2024-01-29;USD;91.888
2024-01-29;CNY;12.5363
2024-01-30;USD;91.4659
2024-01-30;CNY;12.6422
2024-01-31;USD;91.7405
2024-01-31;CNY;12.6417
2024-02-01;USD;91.2093
2024-02-01;CNY;12.7445
2024-02-02;USD;91.8886
2024-02-02;CNY;12.6855
2024-02-05;USD;91.3848
2024-02-05;CNY;12.6709
2024-02-06;USD;92.3287
2024-02-06;CNY;12.737
2024-02-07;USD;92.8986
2024-02-07;CNY;12.6939
2024-02-08;USD;93.6008
2024-02-08;CNY;12.711
2024-02-09;USD;93.845
2024-02-09;CNY;12.6908
2024-02-12;USD;93.4807
2024-02-12;CNY;12.7216
2024-02-13;USD;92.7815
2024-02-13;CNY;12.6777
2024-02-14;USD;92.0919
2024-02-14;CNY;12.6123
2024-02-15;USD;92.8613
2024-02-15;CNY;12.6239
2024-02-16;USD;92.3687
2024-02-16;CNY;12.6077
2024-02-19;USD;92.3355
2024-02-19;CNY;12.7107
2024-02-20;USD;92.5529
2024-02-20;CNY;12.6765
2024-02-21;USD;92.1998
2024-02-21;CNY;12.8053
2024-02-22;USD;92.7932
2024-02-22;CNY;12.8647
2024-02-23;USD;92.4036
2024-02-23;CNY;12.9451
2024-02-26;USD;92.222
2024-02-26;CNY;13.2688
2024-02-27;USD;91.9719
2024-02-27;CNY;13.3891
2024-02-28;USD;92.7113
2024-02-28;CNY;13.3043
2024-02-29;USD;92.689
2024-02-29;CNY;13.3123
2024-03-01;USD;92.5724
2024-03-01;CNY;13.2884
2024-03-04;USD;91.8286
2024-03-04;CNY;13.4446
2024-03-05;USD;91.1899
2024-03-05;CNY;13.3451
2024-03-06;USD;90.669
2024-03-06;CNY;13.368
2024-03-07;USD;90.0339
2024-03-07;CNY;13.3299
2024-03-08;USD;90.2028
2024-03-08;CNY;13.3215
2024-03-11;USD;90.3814
2024-03-11;CNY;13.2807
2024-03-12;USD;90.3453
2024-03-12;CNY;13.1763
2024-03-13;USD;90.3707
2024-03-13;CNY;13.2442
2024-03-14;USD;90.0096
2024-03-14;CNY;13.3512
2024-03-15;USD;90.7542
2024-03-15;CNY;13.2827
2024-03-18;USD;88.6484
2024-03-18;CNY;13.2543
2024-03-19;USD;87.7754
2024-03-19;CNY;13.1469
2024-03-20;USD;87.9048
2024-03-20;CNY;13.1084
2024-03-21;USD;87.7862
2024-03-21;CNY;13.2044
2024-03-22;USD;86.8899
2024-03-22;CNY;13.1985
2024-03-25;USD;88.3594
2024-03-25;CNY;13.2259
2024-03-26;USD;88.5525
2024-03-26;CNY;13.2061
2024-03-27;USD;87.9059
2024-03-27;CNY;13.1919
2024-03-28;USD;87.4634
2024-03-28;CNY;13.1678
2024-03-29;USD;88.059
2024-03-29;CNY;13.2586
2024-04-01;USD;87.0374
2024-04-01;CNY;13.3236
2024-04-02;USD;86.805
2024-04-02;CNY;13.2288
2024-04-03;USD;86.6461
2024-04-03;CNY;13.2505
2024-04-04;USD;85.7583
2024-04-04;CNY;13.2355
2024-04-05;USD;86.6154
2024-04-05;CNY;13.2179
2024-04-08;USD;86.7281
2024-04-08;CNY;13.1809
2024-04-09;USD;87.3272
2024-04-09;CNY;13.2339
2024-04-10;USD;88.1688
2024-04-10;CNY;13.1993
2024-04-11;USD;87.4625
2024-04-11;CNY;13.1667
2024-04-12;USD;87.0906
2024-04-12;CNY;13.1203
2024-04-15;USD;85.9364
2024-04-15;CNY;13.0681
2024-04-16;USD;85.1214
2024-04-16;CNY;13.1271
2024-04-17;USD;84.9184
2024-04-17;CNY;13.2386
2024-04-18;USD;85.7415
2024-04-18;CNY;13.2973
2024-04-19;USD;85.965
2024-04-19;CNY;13.2213
2024-04-22;USD;86.0589
2024-04-22;CNY;13.3621
2024-04-23;USD;85.4937
2024-04-23;CNY;13.2752
2024-04-24;USD;85.649
2024-04-24;CNY;13.2946
2024-04-25;USD;85.0471
2024-04-25;CNY;13.2837
2024-04-26;USD;85.0435
2024-04-26;CNY;13.3304
2024-04-29;USD;87.1138
2024-04-29;CNY;13.3027
2024-04-30;USD;87.4476
2024-04-30;CNY;13.2834
2024-05-01;USD;87.2265
2024-05-01;CNY;13.2842
2024-05-02;USD;87.2071
2024-05-02;CNY;13.2975
2024-05-03;USD;87.5479
2024-05-03;CNY;13.2083
2024-05-06;USD;87.4313
2024-05-06;CNY;13.1341
2024-05-07;USD;87.977
2024-05-07;CNY;13.1481
2024-05-08;USD;88.3391
2024-05-08;CNY;13.2612
2024-05-09;USD;88.5531
2024-05-09;CNY;13.3824
2024-05-10;USD;89.3985
2024-05-10;CNY;13.3513
2024-05-13;USD;90.0949
2024-05-13;CNY;13.0768
2024-05-14;USD;89.7845
2024-05-14;CNY;13.0272
2024-05-15;USD;89.5031
2024-05-15;CNY;13.0586
2024-05-16;USD;89.3199
2024-05-16;CNY;12.9632
2024-05-17;USD;89.3458
2024-05-17;CNY;12.9026
2024-05-20;USD;89.0452
2024-05-20;CNY;12.8836
2024-05-21;USD;89.5141
2024-05-21;CNY;12.9063
2024-05-22;USD;89.3379
2024-05-22;CNY;12.8457
2024-05-23;USD;89.4895
2024-05-23;CNY;12.9571
2024-05-24;USD;89.9043
2024-05-24;CNY;12.9734
2024-05-27;USD;89.9713
2024-05-27;CNY;12.8547
2024-05-28;USD;89.6793
2024-05-28;CNY;12.7754
2024-05-29;USD;89.2777
2024-05-29;CNY;12.8272
2024-05-30;USD;89.588
2024-05-30;CNY;12.7669
2024-05-31;USD;88.8463
2024-05-31;CNY;12.8151
2024-06-03;USD;89.0793
2024-06-03;CNY;12.7011
2024-06-04;USD;88.7564
2024-06-04;CNY;12.7829
2024-06-05;USD;89.0956
2024-06-05;CNY;12.8515
2024-06-06;USD;88.5249
2024-06-06;CNY;12.9234
2024-06-07;USD;89.2613
2024-06-07;CNY;12.9602
2024-06-10;USD;88.8444
2024-06-10;CNY;13.1218
2024-06-11;USD;88.7093
2024-06-11;CNY;13.2295
2024-06-12;USD;88.598
2024-06-12;CNY;13.3027
2024-06-13;USD;88.3471
2024-06-13;CNY;13.1839
2024-06-14;USD;88.337
2024-06-14;CNY;13.0698
2024-06-17;USD;89.2267
2024-06-17;CNY;13.1604
2024-06-18;USD;89.8527
2024-06-18;CNY;13.1564
2024-06-19;USD;89.8647
2024-06-19;CNY;13.2597
2024-06-20;USD;89.251
2024-06-20;CNY;13.3016
2024-06-21;USD;89.9363
2024-06-21;CNY;13.3701
2024-06-24;USD;90.0619
2024-06-24;CNY;13.2716
2024-06-25;USD;89.7851
2024-06-25;CNY;13.1552
2024-06-26;USD;90.5128
2024-06-26;CNY;13.0413
2024-06-27;USD;91.2422
2024-06-27;CNY;13.0858
2024-06-28;USD;90.3759
2024-06-28;CNY;13.064
2024-07-01;USD;90.2493
2024-07-01;CNY;13.2337
2024-07-02;USD;89.5276
2024-07-02;CNY;13.168
2024-07-03;USD;89.0162
2024-07-03;CNY;13.1445
2024-07-04;USD;88.5939
2024-07-04;CNY;13.1406
2024-07-05;USD;87.9029
2024-07-05;CNY;13.2603
2024-07-08;USD;87.4084
2024-07-08;CNY;13.3162
2024-07-09;USD;87.5898
2024-07-09;CNY;13.2398
2024-07-10;USD;87.9191
2024-07-10;CNY;13.3059
2024-07-11;USD;88.1759
2024-07-11;CNY;13.3515
2024-07-12;USD;88.4534
2024-07-12;CNY;13.4632
2024-07-15;USD;88.8106
2024-07-15;CNY;13.467
2024-07-16;USD;88.9759
2024-07-16;CNY;13.5791
2024-07-17;USD;89.1356
2024-07-17;CNY;13.4957
2024-07-18;USD;89.263
2024-07-18;CNY;13.578
2024-07-19;USD;90.0192
2024-07-19;CNY;13.4835
2024-07-22;USD;92.1315
2024-07-22;CNY;13.5272
2024-07-23;USD;92.7012
2024-07-23;CNY;13.5608
2024-07-24;USD;92.4313
2024-07-24;CNY;13.5374
2024-07-25;USD;92.915
2024-07-25;CNY;13.6266
2024-07-26;USD;93.6506
2024-07-26;CNY;13.7401
2024-07-29;USD;92.7414
2024-07-29;CNY;13.9142
2024-07-30;USD;93.2164
2024-07-30;CNY;13.9778
2024-07-31;USD;93.3729
2024-07-31;CNY;13.9897
2024-08-01;USD;93.7312
2024-08-01;CNY;13.9591
2024-08-02;USD;93.76
2024-08-02;CNY;13.9871
2024-08-05;USD;92.031
2024-08-05;CNY;13.8593
2024-08-06;USD;91.4109
2024-08-06;CNY;13.8727
2024-08-07;USD;91.9608
2024-08-07;CNY;13.7603
2024-08-08;USD;92.4581
2024-08-08;CNY;13.8704
2024-08-09;USD;92.7566
2024-08-09;CNY;13.7923
2024-08-12;USD;92.3971
2024-08-12;CNY;13.7329
2024-08-13;USD;91.7013
2024-08-13;CNY;13.6875
2024-08-14;USD;92.1301
2024-08-14;CNY;13.6436
2024-08-15;USD;91.4504
2024-08-15;CNY;13.72
2024-08-16;USD;92.0119
2024-08-16;CNY;13.7091
2024-08-19;USD;93.0336
2024-08-19;CNY;13.7342
2024-08-20;USD;92.54
2024-08-20;CNY;13.6995
2024-08-21;USD;93.4677
2024-08-21;CNY;13.689
2024-08-22;USD;94.3864
2024-08-22;CNY;13.6112
2024-08-23;USD;93.9732
2024-08-23;CNY;13.5789
2024-08-26;USD;95.0438
2024-08-26;CNY;13.3257
2024-08-27;USD;95.1832
2024-08-27;CNY;13.4036
2024-08-28;USD;95.8569
2024-08-28;CNY;13.3389
2024-08-29;USD;96.0826
2024-08-29;CNY;13.2947
2024-08-30;USD;95.2444
2024-08-30;CNY;13.3822
2024-09-02;USD;95.9543
2024-09-02;CNY;13.2842
2024-09-03;USD;95.8148
2024-09-03;CNY;13.2128
2024-09-04;USD;95.6608
2024-09-04;CNY;13.2504
2024-09-05;USD;95.4244
2024-09-05;CNY;13.1621
2024-09-06;USD;95.4173
2024-09-06;CNY;13.1493
2024-09-09;USD;97.3452
2024-09-09;CNY;13.2235
2024-09-10;USD;97.8878
2024-09-10;CNY;13.2087
2024-09-11;USD;98.5435
2024-09-11;CNY;13.1184
2024-09-12;USD;97.9197
2024-09-12;CNY;13.2292
2024-09-13;USD;97.7338
2024-09-13;CNY;13.209
2024-09-16;USD;96.9655
2024-09-16;CNY;13.2895
2024-09-17;USD;97.7832
2024-09-17;CNY;13.3384
2024-09-18;USD;96.8886
2024-09-18;CNY;13.3624
2024-09-19;USD;96.0279
2024-09-19;CNY;13.451
2024-09-20;USD;95.7837
2024-09-20;CNY;13.4776
2024-09-23;USD;96.0281
2024-09-23;CNY;13.2306
2024-09-24;USD;96.4931
2024-09-24;CNY;13.2375
2024-09-25;USD;96.3918
2024-09-25;CNY;13.1982
2024-09-26;USD;97.0805
2024-09-26;CNY;13.2875
2024-09-27;USD;98.0062
2024-09-27;CNY;13.2905
2024-09-30;USD;98.3543
2024-09-30;CNY;13.2638
2024-10-01;USD;98.1407
2024-10-01;CNY;13.3909
2024-10-02;USD;98.1507
2024-10-02;CNY;13.3973
2024-10-03;USD;98.2563
2024-10-03;CNY;13.5063
2024-10-04;USD;98.4651
2024-10-04;CNY;13.5999
2024-10-07;USD;98.9127
2024-10-07;CNY;13.4255
2024-10-08;USD;98.1014
2024-10-08;CNY;13.3846
2024-10-09;USD;98.0469
2024-10-09;CNY;13.3259
2024-10-10;USD;97.7859
2024-10-10;CNY;13.4363
2024-10-11;USD;96.922
2024-10-11;CNY;13.4865
2024-10-14;USD;96.6681
2024-10-14;CNY;13.3944
2024-10-15;USD;96.316
2024-10-15;CNY;13.475
2024-10-16;USD;95.9003
2024-10-16;CNY;13.3638
2024-10-17;USD;95.6865
2024-10-17;CNY;13.4342
2024-10-18;USD;96.1297
2024-10-18;CNY;13.4685
2024-10-21;USD;97.5978
2024-10-21;CNY;13.5653
2024-10-22;USD;97.5815
2024-10-22;CNY;13.4544
2024-10-23;USD;96.7485
2024-10-23;CNY;13.559
2024-10-24;USD;97.4628
2024-10-24;CNY;13.5233
2024-10-25;USD;96.8834
2024-10-25;CNY;13.6509
2024-10-28;USD;97.955
2024-10-28;CNY;13.4948
2024-10-29;USD;97.2746
2024-10-29;CNY;13.4288
2024-10-30;USD;96.7735
2024-10-30;CNY;13.4564
2024-10-31;USD;97.4802
2024-10-31;CNY;13.3977
2024-11-01;USD;98.0214
2024-11-01;CNY;13.3703
2024-11-04;USD;96.8484
2024-11-04;CNY;13.4539
2024-11-05;USD;97.2665
2024-11-05;CNY;13.3822
2024-11-06;USD;97.8103
2024-11-06;CNY;13.3996
2024-11-07;USD;98.0294
2024-11-07;CNY;13.3967
2024-11-08;USD;97.5804
2024-11-08;CNY;13.48
2024-11-11;USD;99.5048
2024-11-11;CNY;13.3606
2024-11-12;USD;99.717
2024-11-12;CNY;13.417
2024-11-13;USD;98.8942
2024-11-13;CNY;13.3762
2024-11-14;USD;99.6278
2024-11-14;CNY;13.3297
2024-11-15;USD;100.552
2024-11-15;CNY;13.4119
2024-11-18;USD;100.4198
2024-11-18;CNY;13.1725
2024-11-19;USD;100.4104
2024-11-19;CNY;13.2632
2024-11-20;USD;100.6069
2024-11-20;CNY;13.1625
2024-11-21;USD;100.0026
2024-11-21;CNY;13.2149
2024-11-22;USD;100.8605
2024-11-22;CNY;13.296
2024-11-25;USD;101.0708
2024-11-25;CNY;13.2374
2024-11-26;USD;101.6138
2024-11-26;CNY;13.2685
2024-11-27;USD;100.9814
2024-11-27;CNY;13.3066
2024-11-28;USD;101.6673
2024-11-28;CNY;13.3874
2024-11-29;USD;101.8378
2024-11-29;CNY;13.4577
2024-12-02;USD;102.0894
2024-12-02;CNY;13.5417
2024-12-03;USD;102.7557
2024-12-03;CNY;13.5025
2024-12-04;USD;103.6271
2024-12-04;CNY;13.5911
2024-12-05;USD;104.4746
2024-12-05;CNY;13.7078
2024-12-06;USD;105.0979
2024-12-06;CNY;13.7238
2024-12-09;USD;103.7084
2024-12-09;CNY;13.8016
2024-12-10;USD;104.1599
2024-12-10;CNY;13.6979
2024-12-11;USD;104.6182
2024-12-11;CNY;13.6151
2024-12-12;USD;104.919
2024-12-12;CNY;13.5407
2024-12-13;USD;105.6617
2024-12-13;CNY;13.5618
2024-12-16;USD;106.1656
2024-12-16;CNY;13.7482
2024-12-17;USD;106.5089
2024-12-17;CNY;13.8631
2024-12-18;USD;107.1382
2024-12-18;CNY;13.7821
2024-12-19;USD;106.8141
2024-12-19;CNY;13.7056
2024-12-20;USD;106.6228
2024-12-20;CNY;13.7117
2024-12-23;USD;107.6095
2024-12-23;CNY;13.6105
2024-12-24;USD;107.4631
2024-12-24;CNY;13.6356
2024-12-25;USD;107.8332
2024-12-25;CNY;13.5621
2024-12-26;USD;107.0058
2024-12-26;CNY;13.6585
2024-12-27;USD;106.918
2024-12-27;CNY;13.6415
2024-12-30;USD;108.5688
2024-12-30;CNY;13.59
2024-12-31;USD;108.5308
2024-12-31;CNY;13.7053
2025-01-01;USD;108.6963
2025-01-01;CNY;13.8252
2025-01-02;USD;108.7018
2025-01-02;CNY;13.8079
2025-01-03;USD;108.6723
2025-01-03;CNY;13.8458
2025-01-06;USD;109.7572
2025-01-06;CNY;13.8711
2025-01-07;USD;109.9234
2025-01-07;CNY;13.7646
2025-01-08;USD;109.5722
2025-01-08;CNY;13.7112
2025-01-09;USD;110.5193
2025-01-09;CNY;13.7674
2025-01-10;USD;110.8235
2025-01-10;CNY;13.7704
2025-01-13;USD;110.2325
2025-01-13;CNY;13.5309
2025-01-14;USD;109.4551
2025-01-14;CNY;13.5379
2025-01-15;USD;109.3526
2025-01-15;CNY;13.6229
2025-01-16;USD;108.6398
2025-01-16;CNY;13.5194
2025-01-17;USD;108.5132
2025-01-17;CNY;13.4814
2025-01-20;USD;107.8762
2025-01-20;CNY;13.5056
2025-01-21;USD;107.0161
2025-01-21;CNY;13.5893
2025-01-22;USD;106.7695
2025-01-22;CNY;13.5843
2025-01-23;USD;107.3325
2025-01-23;CNY;13.5655
2025-01-24;USD;106.716
2025-01-24;CNY;13.6632
2025-01-27;USD;105.7786
2025-01-27;CNY;13.6677
2025-01-28;USD;106.5528
2025-01-28;CNY;13.5645
2025-01-29;USD;106.528
2025-01-29;CNY;13.4722
2025-01-30;USD;106.2089
2025-01-30;CNY;13.5371
2025-01-31;USD;106.8172
2025-01-31;CNY;13.4612
2025-02-03;USD;108.1072
2025-02-03;CNY;13.3726
2025-02-04;USD;107.603
2025-02-04;CNY;13.259
2025-02-05;USD;106.8235
2025-02-05;CNY;13.2923
2025-02-06;USD;106.8347
2025-02-06;CNY;13.2129
2025-02-07;USD;107.6592
2025-02-07;CNY;13.2239
2025-02-10;USD;108.0253
2025-02-10;CNY;13.3109
2025-02-11;USD;108.7436
2025-02-11;CNY;13.4289
2025-02-12;USD;107.9731
2025-02-12;CNY;13.4954
2025-02-13;USD;107.3398
2025-02-13;CNY;13.6099
2025-02-14;USD;108.1267
2025-02-14;CNY;13.7203
2025-02-17;USD;107.6835
2025-02-17;CNY;13.731
2025-02-18;USD;107.2423
2025-02-18;CNY;13.737
2025-02-19;USD;106.6065
2025-02-19;CNY;13.6806
2025-02-20;USD;106.0305
2025-02-20;CNY;13.7952
2025-02-21;USD;106.2702
2025-02-21;CNY;13.7683
2025-02-24;USD;105.8076
2025-02-24;CNY;13.5799
2025-02-25;USD;106.2736
2025-02-25;CNY;13.7035
2025-02-26;USD;105.4161
2025-02-26;CNY;13.6902
2025-02-27;USD;104.7703
2025-02-27;CNY;13.7553
2025-02-28;USD;103.9237
2025-02-28;CNY;13.7409
2025-03-03;USD;102.2808
2025-03-03;CNY;13.9426
2025-03-04;USD;102.6674
2025-03-04;CNY;14.0138
2025-03-05;USD;101.9021
2025-03-05;CNY;14.0291
2025-03-06;USD;101.4579
2025-03-06;CNY;14.0098
2025-03-07;USD;100.8623
2025-03-07;CNY;14.0735
2025-03-10;USD;101.0721
2025-03-10;CNY;14.0281
2025-03-11;USD;100.9268
2025-03-11;CNY;13.9828
2025-03-12;USD;101.3773
2025-03-12;CNY;13.9108
2025-03-13;USD;102.2415
2025-03-13;CNY;14.0397
2025-03-14;USD;102.1428
2025-03-14;CNY;14.1644
2025-03-17;USD;102.5801
2025-03-17;CNY;14.1646
2025-03-18;USD;102.7678
2025-03-18;CNY;14.0812
2025-03-19;USD;103.3073
2025-03-19;CNY;13.9668
2025-03-20;USD;102.5643
2025-03-20;CNY;13.9865
2025-03-21;USD;103.2532
2025-03-21;CNY;14.0436
2025-03-24;USD;105.2983
2025-03-24;CNY;13.9933
2025-03-25;USD;105.5381
2025-03-25;CNY;13.9617
2025-03-26;USD;104.86
2025-03-26;CNY;14.0149
2025-03-27;USD;105.1998
2025-03-27;CNY;13.9632
2025-03-28;USD;105.9726
2025-03-28;CNY;13.9657
2025-03-31;USD;105.0981
2025-03-31;CNY;14.1364
2025-04-01;USD;104.6384
2025-04-01;CNY;14.1104
2025-04-02;USD;105.0733
2025-04-02;CNY;14.0959
2025-04-03;USD;105.0826
2025-04-03;CNY;14.0037
2025-04-04;USD;104.1925
2025-04-04;CNY;13.9204
2025-04-07;USD;103.8177
2025-04-07;CNY;13.9684
2025-04-08;USD;104.6395
2025-04-08;CNY;13.9113
2025-04-09;USD;105.2665
2025-04-09;CNY;13.9911
2025-04-10;USD;105.8292
2025-04-10;CNY;14.1124
2025-04-11;USD;105.2258
2025-04-11;CNY;14.1072
2025-04-14;USD;106.493
2025-04-14;CNY;14.0093
2025-04-15;USD;106.619
2025-04-15;CNY;14.1327
2025-04-16;USD;106.0571
2025-04-16;CNY;14.0278
2025-04-17;USD;105.28
2025-04-17;CNY;14.0116
2025-04-18;USD;105.5886
2025-04-18;CNY;14.0875
2025-04-21;USD;105.1918
2025-04-21;CNY;13.9258
2025-04-22;USD;105.7934
2025-04-22;CNY;14.0533
2025-04-23;USD;105.5412
2025-04-23;CNY;14.0515
2025-04-24;USD;105.586
2025-04-24;CNY;14.0584
2025-04-25;USD;105.4064
2025-04-25;CNY;14.1118
2025-04-28;USD;106.5448
2025-04-28;CNY;14.0581
2025-04-29;USD;107.4733
2025-04-29;CNY;13.9656
2025-04-30;USD;107.3122
2025-04-30;CNY;14.0347
2025-05-01;USD;107.2485
2025-05-01;CNY;14.0147
2025-05-02;USD;107.1753
2025-05-02;CNY;13.9788
2025-05-05;USD;105.7674
2025-05-05;CNY;13.9701
2025-05-06;USD;105.3944
2025-05-06;CNY;14.0934
2025-05-07;USD;105.5223
2025-05-07;CNY;14.0647
2025-05-08;USD;105.5029
2025-05-08;CNY;14.17
2025-05-09;USD;105.6638
2025-05-09;CNY;14.1132
2025-05-12;USD;105.507
2025-05-12;CNY;14.3749
2025-05-13;USD;106.2823
2025-05-13;CNY;14.2857
2025-05-14;USD;106.8287
2025-05-14;CNY;14.3054
2025-05-15;USD;106.9437
2025-05-15;CNY;14.346
2025-05-16;USD;107.5154
2025-05-16;CNY;14.2669
2025-05-19;USD;108.0024
2025-05-19;CNY;14.5371
2025-05-20;USD;107.9778
2025-05-20;CNY;14.6647
2025-05-21;USD;108.1039
2025-05-21;CNY;14.7228
2025-05-22;USD;107.3477
2025-05-22;CNY;14.6644
2025-05-23;USD;106.5039
2025-05-23;CNY;14.6731
2025-05-26;USD;107.1666
2025-05-26;CNY;14.7885
2025-05-27;USD;106.2937
2025-05-27;CNY;14.8338
2025-05-28;USD;106.4249
2025-05-28;CNY;14.87
2025-05-29;USD;106.5519
2025-05-29;CNY;14.9996
2025-05-30;USD;106.9022
2025-05-30;CNY;14.9293
2025-06-02;USD;105.5594
2025-06-02;CNY;14.9714
2025-06-03;USD;105.2368
2025-06-03;CNY;14.9797
2025-06-04;USD;105.1792
2025-06-04;CNY;14.8695
2025-06-05;USD;104.917
2025-06-05;CNY;14.9884
2025-06-06;USD;105.3706
2025-06-06;CNY;15.0668
2025-06-09;USD;105.4198
2025-06-09;CNY;14.9823
2025-06-10;USD;104.6028
2025-06-10;CNY;14.8715
2025-06-11;USD;104.2544
2025-06-11;CNY;14.7819
2025-06-12;USD;103.7696
2025-06-12;CNY;14.7853
2025-06-13;USD;104.3367
2025-06-13;CNY;14.871
2025-06-16;USD;104.8263
2025-06-16;CNY;14.7367
2025-06-17;USD;104.6539
2025-06-17;CNY;14.8179
2025-06-18;USD;104.9355
2025-06-18;CNY;14.9345
2025-06-19;USD;104.0577
2025-06-19;CNY;14.9765
2025-06-20;USD;104.0296
2025-06-20;CNY;14.9642
2025-06-23;USD;104.3471
2025-06-23;CNY;14.6531
2025-06-24;USD;103.7651
2025-06-24;CNY;14.5922
2025-06-25;USD;103.8799
2025-06-25;CNY;14.5549
2025-06-26;USD;103.2025
2025-06-26;CNY;14.4888
2025-06-27;USD;102.614
2025-06-27;CNY;14.5888
2025-06-30;USD;103.1813
2025-06-30;CNY;14.6652
2025-07-01;USD;102.7622
2025-07-01;CNY;14.5594
2025-07-02;USD;102.3057
2025-07-02;CNY;14.5901
2025-07-03;USD;102.1909
2025-07-03;CNY;14.7157
2025-07-04;USD;101.9697
2025-07-04;CNY;14.8292
2025-07-07;USD;102.0523
2025-07-07;CNY;14.8603
2025-07-08;USD;102.8888
2025-07-08;CNY;14.7497
2025-07-09;USD;102.4026
2025-07-09;CNY;14.6489
2025-07-10;USD;102.3925
2025-07-10;CNY;14.7269
2025-07-11;USD;102.8758
2025-07-11;CNY;14.7392
2025-07-14;USD;103.4583
2025-07-14;CNY;14.7631
2025-07-15;USD;103.139
2025-07-15;CNY;14.7235
2025-07-16;USD;103.7465
2025-07-16;CNY;14.7584
2025-07-17;USD;104.5855
2025-07-17;CNY;14.6781
2025-07-18;USD;104.5563
2025-07-18;CNY;14.6185
2025-07-21;USD;105.9767
2025-07-21;CNY;14.7187
2025-07-22;USD;105.7976
2025-07-22;CNY;14.6938
2025-07-23;USD;105.5228
2025-07-23;CNY;14.7618
2025-07-24;USD;104.9518
2025-07-24;CNY;14.8759
2025-07-25;USD;105.5072
2025-07-25;CNY;14.7964
2025-07-28;USD;106.4154
2025-07-28;CNY;14.9084
2025-07-29;USD;106.7649
2025-07-29;CNY;14.8327
2025-07-30;USD;107.0567
2025-07-30;CNY;14.7558
2025-07-31;USD;107.05
2025-07-31;CNY;14.7488
2025-08-01;USD;106.7543
2025-08-01;CNY;14.7596
2025-08-04;USD;106.8339
2025-08-04;CNY;14.9313
2025-08-05;USD;106.1223
2025-08-05;CNY;14.8675
2025-08-06;USD;106.4516
2025-08-06;CNY;14.7847
2025-08-07;USD;106.9235
2025-08-07;CNY;14.8422
2025-08-08;USD;106.4222
2025-08-08;CNY;14.7302
2025-08-11;USD;107.2768
2025-08-11;CNY;14.7166
2025-08-12;USD;107.554
2025-08-12;CNY;14.7944
2025-08-13;USD;106.7596
2025-08-13;CNY;14.7395
2025-08-14;USD;106.8132
2025-08-14;CNY;14.6362
2025-08-15;USD;106.5754
2025-08-15;CNY;14.6593
2025-08-18;USD;106.6496
2025-08-18;CNY;14.6037
2025-08-19;USD;107.0313
2025-08-19;CNY;14.5842
2025-08-20;USD;106.8682
2025-08-20;CNY;14.6706
2025-08-21;USD;107.1253
2025-08-21;CNY;14.5636
2025-08-22;USD;107.6692
2025-08-22;CNY;14.5462
2025-08-25;USD;107.8972
2025-08-25;CNY;14.5358
2025-08-26;USD;107.4365
2025-08-26;CNY;14.4349
2025-08-27;USD;107.3954
2025-08-27;CNY;14.4362
2025-08-28;USD;107.1518
2025-08-28;CNY;14.3766
2025-08-29;USD;106.5283
2025-08-29;CNY;14.3202
2025-09-01;USD;105.6298
2025-09-01;CNY;14.3083
2025-09-02;USD;105.072
2025-09-02;CNY;14.3842
2025-09-03;USD;105.2358
2025-09-03;CNY;14.3006
2025-09-04;USD;105.6192
2025-09-04;CNY;14.2777
2025-09-05;USD;105.6492
2025-09-05;CNY;14.2174
2025-09-08;USD;105.2896
2025-09-08;CNY;14.1022
2025-09-09;USD;105.7111
2025-09-09;CNY;14.0472
2025-09-10;USD;105.2027
2025-09-10;CNY;14.0057
2025-09-11;USD;105.2809
2025-09-11;CNY;13.9974
2025-09-12;USD;104.5302
2025-09-12;CNY;14.0259
2025-09-15;USD;102.9823
2025-09-15;CNY;14.2499
2025-09-16;USD;102.4289
2025-09-16;CNY;14.3157
2025-09-17;USD;101.6347
2025-09-17;CNY;14.4291
2025-09-18;USD;102.321
2025-09-18;CNY;14.3115
2025-09-19;USD;101.8679
2025-09-19;CNY;14.4352
2025-09-22;USD;103.2331
2025-09-22;CNY;14.6321
2025-09-23;USD;102.9256
2025-09-23;CNY;14.7196
2025-09-24;USD;102.4525
2025-09-24;CNY;14.7478
2025-09-25;USD;102.3309
2025-09-25;CNY;14.6338
2025-09-26;USD;101.6817
2025-09-26;CNY;14.621
2025-09-29;USD;101.5526
2025-09-29;CNY;14.6682
2025-09-30;USD;101.6144
2025-09-30;CNY;14.7525
2025-10-01;USD;101.9152
2025-10-01;CNY;14.7402
2025-10-02;USD;101.5049
2025-10-02;CNY;14.6245
2025-10-03;USD;101.2619
2025-10-03;CNY;14.5791
2025-10-06;USD;100.9532
2025-10-06;CNY;14.6425
2025-10-07;USD;100.093
2025-10-07;CNY;14.6189
2025-10-08;USD;100.9575
2025-10-08;CNY;14.6637
2025-10-09;USD;100.7851
2025-10-09;CNY;14.7143
2025-10-10;USD;100.2896
2025-10-10;CNY;14.5945
2025-10-13;USD;99.3936
2025-10-13;CNY;14.8707
2025-10-14;USD;99.1323
2025-10-14;CNY;14.9743
2025-10-15;USD;98.4604
2025-10-15;CNY;15.0449
2025-10-16;USD;99.3839
2025-10-16;CNY;14.9817
2025-10-17;USD;99.4421
2025-10-17;CNY;14.9496
2025-10-20;USD;99.9659
2025-10-20;CNY;15.0016
2025-10-21;USD;100.5892
2025-10-21;CNY;14.9413
2025-10-22;USD;100.6559
2025-10-22;CNY;15.0422
2025-10-23;USD;100.2703
2025-10-23;CNY;15.0946
2025-10-24;USD;99.8072
2025-10-24;CNY;14.9822
2025-10-27;USD;98.5627
2025-10-27;CNY;14.9319
2025-10-28;USD;99.4353
2025-10-28;CNY;15.0032
2025-10-29;USD;99.3381
2025-10-29;CNY;15.0581
2025-10-30;USD;98.9474
2025-10-30;CNY;14.9985
2025-10-31;USD;98.8573
2025-10-31;CNY;14.8833
2025-11-03;USD;99.714
2025-11-03;CNY;14.8869
2025-11-04;USD;99.8639
2025-11-04;CNY;14.7859
2025-11-05;USD;99.2338
2025-11-05;CNY;14.7514
2025-11-06;USD;98.8594
2025-11-06;CNY;14.7253
2025-11-07;USD;98.0071
2025-11-07;CNY;14.6555
2025-11-10;USD;96.5207
2025-11-10;CNY;14.7912
2025-11-11;USD;97.4594
2025-11-11;CNY;14.6861
2025-11-12;USD;96.6497
2025-11-12;CNY;14.5999
2025-11-13;USD;97.3526
2025-11-13;CNY;14.709
2025-11-14;USD;98.2486
2025-11-14;CNY;14.7353
2025-11-17;USD;99.1398
2025-11-17;CNY;14.7839
2025-11-18;USD;98.9736
2025-11-18;CNY;14.8221
2025-11-19;USD;98.2708
2025-11-19;CNY;14.9252
2025-11-20;USD;97.9265
2025-11-20;CNY;14.8855
2025-11-21;USD;97.2111
2025-11-21;CNY;14.8548
2025-11-24;USD;97.2055
2025-11-24;CNY;14.8637
2025-11-25;USD;97.5379
2025-11-25;CNY;14.8904
2025-11-26;USD;97.6376
2025-11-26;CNY;14.8591
2025-11-27;USD;97.223
2025-11-27;CNY;14.8269
2025-11-28;USD;96.9884
2025-11-28;CNY;14.8739
2025-12-01;USD;96.9469
2025-12-01;CNY;14.9617
2025-12-02;USD;96.6729
2025-12-02;CNY;14.9996
2025-12-03;USD;97.5303
2025-12-03;CNY;14.8807
2025-12-04;USD;97.7748
2025-12-04;CNY;14.9013
2025-12-05;USD;98.1729
2025-12-05;CNY;14.9428
2025-12-08;USD;97.7714
2025-12-08;CNY;14.9079
2025-12-09;USD;97.6857
2025-12-09;CNY;14.9555
2025-12-10;USD;96.845
2025-12-10;CNY;14.9337
2025-12-11;USD;97.222
2025-12-11;CNY;14.9837
2025-12-12;USD;96.668
2025-12-12;CNY;14.9101
2025-12-15;USD;95.7418
2025-12-15;CNY;15.0328
2025-12-16;USD;96.5496
2025-12-16;CNY;15.0787
2025-12-17;USD;96.0756
2025-12-17;CNY;15.0213
2025-12-18;USD;96.5818
2025-12-18;CNY;15.0897
2025-12-19;USD;95.8622
2025-12-19;CNY;15.2091
2025-12-22;USD;94.1846
2025-12-22;CNY;15.2129
2025-12-23;USD;94.2626
2025-12-23;CNY;15.3285
2025-12-24;USD;94.1709
2025-12-24;CNY;15.3541
2025-12-25;USD;94.1032
2025-12-25;CNY;15.3483
2025-12-26;USD;94.4519
2025-12-26;CNY;15.3213
2025-12-29;USD;94.1353
2025-12-29;CNY;15.3993
2025-12-30;USD;93.9596
2025-12-30;CNY;15.3205
2025-12-31;USD;93.2314
2025-12-31;CNY;15.3454
2026-01-01;USD;93.7463
2026-01-01;CNY;15.4658
2026-01-02;USD;93.3455
2026-01-02;CNY;15.3959
2026-01-05;USD;94.3807
2026-01-05;CNY;15.593
2026-01-06;USD;93.8653
2026-01-06;CNY;15.6125
2026-01-07;USD;92.9946
2026-01-07;CNY;15.6067
2026-01-08;USD;93.3373
2026-01-08;CNY;15.5441
2026-01-09;USD;94.1023
2026-01-09;CNY;15.5452
2026-01-12;USD;91.5764
2026-01-12;CNY;15.6249
2026-01-13;USD;92.0073
2026-01-13;CNY;15.5859
2026-01-14;USD;91.1811
2026-01-14;CNY;15.4977
2026-01-15;USD;91.3263
2026-01-15;CNY;15.5408
2026-01-16;USD;91.5942
2026-01-16;CNY;15.4896
2026-01-19;USD;91.6246
2026-01-19;CNY;15.5428
2026-01-20;USD;91.1725
2026-01-20;CNY;15.517
2026-01-21;USD;90.5676
2026-01-21;CNY;15.6199
2026-01-22;USD;90.957
2026-01-22;CNY;15.5234
2026-01-23;USD;91.5957
2026-01-23;CNY;15.4519
2026-01-26;USD;90.5989
2026-01-26;CNY;15.5615
2026-01-27;USD;89.8403
2026-01-27;CNY;15.4618
2026-01-28;USD;89.2856
2026-01-28;CNY;15.5869
2026-01-29;USD;89.6384
2026-01-29;CNY;15.5794
2026-01-30;USD;90.0859
2026-01-30;CNY;15.7029
2026-02-02;USD;90.0535
2026-02-02;CNY;15.6462
2026-02-03;USD;89.9533
2026-02-03;CNY;15.5923
2026-02-04;USD;89.3157
2026-02-04;CNY;15.5362
2026-02-05;USD;88.6729
2026-02-05;CNY;15.4534
2026-02-06;USD;88.4575
2026-02-06;CNY;15.3699
2026-02-09;USD;88.7652
2026-02-09;CNY;15.5246
2026-02-10;USD;88.5098
2026-02-10;CNY;15.4609
2026-02-11;USD;88.7186
2026-02-11;CNY;15.3699
2026-02-12;USD;88.7938
2026-02-12;CNY;15.4906
2026-02-13;USD;88.749
2026-02-13;CNY;15.4776
2026-02-16;USD;89.4195
2026-02-16;CNY;15.5585
2026-02-17;USD;90.0016
2026-02-17;CNY;15.6234
2026-02-18;USD;90.7322
2026-02-18;CNY;15.5996
2026-02-19;USD;90.188
2026-02-19;CNY;15.5477
2026-02-20;USD;90.1449
2026-02-20;CNY;15.5569
2026-02-23;USD;90.2963
2026-02-23;CNY;15.607
2026-02-24;USD;91.1187
2026-02-24;CNY;15.554
2026-02-25;USD;91.2331
2026-02-25;CNY;15.6273
2026-02-26;USD;90.9629
2026-02-26;CNY;15.7307
2026-02-27;USD;90.1079
2026-02-27;CNY;15.8273
2026-03-02;USD;90.8997
2026-03-02;CNY;15.8379
2026-03-03;USD;90.8013
2026-03-03;CNY;15.953
2026-03-04;USD;89.9302
2026-03-04;CNY;15.9714
2026-03-05;USD;89.9427
2026-03-05;CNY;16.0272
2026-03-06;USD;90.6912
2026-03-06;CNY;16.1556
2026-03-09;USD;92.7485
2026-03-09;CNY;16.1741
2026-03-10;USD;91.9423
2026-03-10;CNY;16.1383
2026-03-11;USD;91.0601
2026-03-11;CNY;16.0495
2026-03-12;USD;91.5205
2026-03-12;CNY;16.0028
2026-03-13;USD;92.281
2026-03-13;CNY;15.9738
2026-03-16;USD;91.5935
2026-03-16;CNY;16.0068
2026-03-17;USD;91.4094
2026-03-17;CNY;16.0326
2026-03-18;USD;92.0179
2026-03-18;CNY;15.98
2026-03-19;USD;92.849
2026-03-19;CNY;15.9074
2026-03-20;USD;92.8115
2026-03-20;CNY;15.9322
2026-03-23;USD;92.3937
2026-03-23;CNY;15.8309
2026-03-24;USD;93.2384
2026-03-24;CNY;15.7905
2026-03-25;USD;93.5292
2026-03-25;CNY;15.7021
2026-03-26;USD;93.7922
2026-03-26;CNY;15.6103
2026-03-27;USD;93.038
2026-03-27;CNY;15.7201
2026-03-30;USD;94.2596
2026-03-30;CNY;15.601
2026-03-31;USD;94.8822
2026-03-31;CNY;15.6988
2026-04-01;USD;94.9361
2026-04-01;CNY;15.6429
2026-04-02;USD;94.0649
2026-04-02;CNY;15.6504
2026-04-03;USD;93.6277
2026-04-03;CNY;15.7552
2026-04-06;USD;94.342
2026-04-06;CNY;15.7675
2026-04-07;USD;93.9842
2026-04-07;CNY;15.8421
2026-04-08;USD;94.4314
2026-04-08;CNY;15.9131
2026-04-09;USD;95.0858
2026-04-09;CNY;15.927
2026-04-10;USD;94.5283
2026-04-10;CNY;15.9588
2026-04-13;USD;96.2
2026-04-13;CNY;16.0244
2026-04-14;USD;96.2989
2026-04-14;CNY;15.9842
2026-04-15;USD;97.123
2026-04-15;CNY;15.9846
2026-04-16;USD;96.4112
2026-04-16;CNY;15.9753
2026-04-17;USD;95.9185
2026-04-17;CNY;16.0783
2026-04-20;USD;96.5404
2026-04-20;CNY;16.2962
2026-04-21;USD;96.5455
2026-04-21;CNY;16.1809
2026-04-22;USD;96.9917
2026-04-22;CNY;16.1834
2026-04-23;USD;96.1438
2026-04-23;CNY;16.3119
2026-04-24;USD;96.4894
2026-04-24;CNY;16.394
2026-04-27;USD;97.1157
2026-04-27;CNY;16.4888
2026-04-28;USD;98.0011
2026-04-28;CNY;16.4387
2026-04-29;USD;98.8992
2026-04-29;CNY;16.471
2026-04-30;USD;98.6556
2026-04-30;CNY;16.4339
2026-05-01;USD;98.8253
2026-05-01;CNY;16.5411
2026-05-04;USD;97.1539
2026-05-04;CNY;16.518
2026-05-05;USD;97.117
2026-05-05;CNY;16.6464
2026-05-06;USD;96.4532
2026-05-06;CNY;16.6511
2026-05-07;USD;96.421
2026-05-07;CNY;16.5785
2026-05-08;USD;97.1432
2026-05-08;CNY;16.6764
2026-05-11;USD;97.9566
2026-05-11;CNY;16.5213
2026-05-12;USD;97.7494
2026-05-12;CNY;16.4821
2026-05-13;USD;97.2354
2026-05-13;CNY;16.3876
2026-05-14;USD;96.4476
2026-05-14;CNY;16.4525
2026-05-15;USD;96.0849
2026-05-15;CNY;16.5009
2026-05-18;USD;95.877
2026-05-18;CNY;16.4317
2026-05-19;USD;96.5847
2026-05-19;CNY;16.4371
2026-05-20;USD;96.3836
2026-05-20;CNY;16.4255
2026-05-21;USD;96.5084
2026-05-21;CNY;16.3706
2026-05-22;USD;96.8684
2026-05-22;CNY;16.3202
2026-05-25;USD;96.1361
2026-05-25;CNY;16.1379
2026-05-26;USD;96.556
2026-05-26;CNY;16.1848
2026-05-27;USD;97.2014
2026-05-27;CNY;16.1626
2026-05-28;USD;97.0509
2026-05-28;CNY;16.2297
2026-05-29;USD;97.5796
2026-05-29;CNY;16.3032
2026-06-01;USD;98.4394
2026-06-01;CNY;16.2306
2026-06-02;USD;98.3283
2026-06-02;CNY;16.3448
2026-06-03;USD;98.1101
2026-06-03;CNY;16.3249
2026-06-04;USD;98.1664
2026-06-04;CNY;16.3386
2026-06-05;USD;97.8209
2026-06-05;CNY;16.4517
2026-06-08;USD;97.027
2026-06-08;CNY;16.4519
2026-06-09;USD;97.1614
2026-06-09;CNY;16.4624
2026-06-10;USD;97.1163
2026-06-10;CNY;16.4042
2026-06-11;USD;96.3245
2026-06-11;CNY;16.3693
2026-06-12;USD;95.5477
2026-06-12;CNY;16.4812
2026-06-15;USD;97.2897
2026-06-15;CNY;16.4263
2026-06-16;USD;97.2085
2026-06-16;CNY;16.3952
2026-06-17;USD;97.3558
2026-06-17;CNY;16.3082
2026-06-18;USD;96.4853
2026-06-18;CNY;16.3831
2026-06-19;USD;97.3631
2026-06-19;CNY;16.383
2026-06-22;USD;97.6832
2026-06-22;CNY;16.4458
2026-06-23;USD;97.1625
2026-06-23;CNY;16.5521
2026-06-24;USD;98.1015
2026-06-24;CNY;16.4866
2026-06-25;USD;98.1984
2026-06-25;CNY;16.5494
2026-06-26;USD;98.7221
2026-06-26;CNY;16.5301
2026-06-29;USD;98.2317
2026-06-29;CNY;16.3744
2026-06-30;USD;98.489
2026-06-30;CNY;16.4465
2026-07-01;USD;97.6438
2026-07-01;CNY;16.3699
2026-07-02;USD;96.8718
2026-07-02;CNY;16.2849
2026-07-03;USD;96.6992
2026-07-03;CNY;16.2677
2026-07-06;USD;96.723
2026-07-06;CNY;16.4559
2026-07-07;USD;95.9425
2026-07-07;CNY;16.4382
2026-07-08;USD;95.1897
2026-07-08;CNY;16.333
2026-07-09;USD;95.3785
2026-07-09;CNY;16.3172
2026-07-10;USD;95.9471
2026-07-10;CNY;16.291
2026-07-13;USD;97.1508
2026-07-13;CNY;16.174
2026-07-14;USD;96.7779
2026-07-14;CNY;16.2805
2026-07-15;USD;97.4364
2026-07-15;CNY;16.1824
2026-07-16;USD;98.2454
2026-07-16;CNY;16.1594
2026-07-17;USD;98.0296
2026-07-17;CNY;16.1275
2026-07-20;USD;98.883
2026-07-20;CNY;16.053
2026-07-21;USD;98.0059
2026-07-21;CNY;16.0018
2026-07-22;USD;98.2706
2026-07-22;CNY;16.0257
2026-07-23;USD;98.738
2026-07-23;CNY;16.1014
2026-07-24;USD;98.6851
2026-07-24;CNY;16.089
2026-07-27;USD;98.4694
2026-07-27;CNY;16.083
2026-07-28;USD;97.9408
2026-07-28;CNY;16.2064
2026-07-29;USD;97.4004
2026-07-29;CNY;16.3247
2026-07-30;USD;97.3754
2026-07-30;CNY;16.2981
2026-07-31;USD;98.2852
2026-07-31;CNY;16.3952
2026-08-03;USD;97.9513
2026-08-03;CNY;16.1486
2026-08-04;USD;98.8632
2026-08-04;CNY;16.1335
2026-08-05;USD;98.3306
2026-08-05;CNY;16.1308
2026-08-06;USD;98.7945
2026-08-06;CNY;16.1396
2026-08-07;USD;98.7294
2026-08-07;CNY;16.2571
2026-08-10;USD;98.1555
2026-08-10;CNY;16.464
2026-08-11;USD;98.8143
2026-08-11;CNY;16.5727
2026-08-12;USD;98.829
2026-08-12;CNY;16.6766
