item_id;item_name;category;category_reported;uom_code
IT10000;Позиция IT10000 (Подшипники);Подшипники;Подшипники;TON
IT10001;Позиция IT10001 (Инструмент);Инструмент;Инструмент;PCS
IT10002;Позиция IT10002 (Фильтры);Фильтры;Фильтры;ROLL50
IT10003;Позиция IT10003 (РТИ);РТИ;РТИ;PACK24
IT10004;Позиция IT10004 (Крепёж);Крепёж;Крепёж;TON
IT10005;Позиция IT10005 (Кабель);Кабель;Кабель;TON
IT10006;Позиция IT10006 (Смазочные материалы);Смазочные материалы;Смазочные материалы;KG
IT10007;Позиция IT10007 (Крепёж);Крепёж;Крепёж;PACK24
IT10008;Позиция IT10008 (Подшипники);Подшипники;Подшипники;ROLL50
IT10009;Позиция IT10009 (Кабель);Кабель;Кабель;ROLL50
IT10010;Позиция IT10010 (Подшипники);Подшипники;Подшипники;PACK24
IT10011;Позиция IT10011 (Кабель);Кабель;Кабель;PACK24
IT10012;Позиция IT10012 (Инструмент);Инструмент;Инструмент;PCS
IT10013;Позиция IT10013 (Инструмент);Инструмент;РТИ;M
IT10014;Позиция IT10014 (Смазочные материалы);Смазочные материалы;Смазочные материалы;TON
IT10015;Позиция IT10015 (Фильтры);Фильтры;Фильтры;ROLL50
IT10016;Позиция IT10016 (Подшипники);Подшипники;Подшипники;KG
IT10017;Позиция IT10017 (Инструмент);Инструмент;Инструмент;KG
IT10018;Позиция IT10018 (Смазочные материалы);Смазочные материалы;Смазочные материалы;M
IT10019;Позиция IT10019 (Кабель);Кабель;Кабель;PCS
IT10020;Позиция IT10020 (Насосы);Насосы;Насосы;KG
IT10021;Позиция IT10021 (Кабель);Кабель;Кабель;PACK12
IT10022;Позиция IT10022 (Крепёж);Крепёж;Крепёж;KG
IT10023;Позиция IT10023 (Инструмент);Инструмент;Инструмент;KG
IT10024;Позиция IT10024 (Электрика);Электрика;Электрика;PACK12
IT10025;Позиция IT10025 (Фильтры);Фильтры;Фильтры;KG
IT10026;Позиция IT10026 (Смазочные материалы);Смазочные материалы;Смазочные материалы;PACK12
IT10027;Позиция IT10027 (Насосы);Насосы;Насосы;TON
IT10028;Позиция IT10028 (Крепёж);Крепёж;Крепёж;PCS
IT10029;Позиция IT10029 (РТИ);РТИ;РТИ;KG
IT10030;Позиция IT10030 (Спецодежда);Спецодежда;Насосы;KG
IT10031;Позиция IT10031 (Спецодежда);Спецодежда;Фильтры;PACK6
IT10032;Позиция IT10032 (Фильтры);Фильтры;Фильтры;ROLL50
IT10033;Позиция IT10033 (Фильтры);Фильтры;Фильтры;ROLL50
IT10034;Позиция IT10034 (Смазочные материалы);Смазочные материалы;Смазочные материалы;M
IT10035;Позиция IT10035 (Инструмент);Инструмент;Инструмент;PACK12
IT10036;Позиция IT10036 (Фильтры);Фильтры;Фильтры;ROLL50
IT10037;Позиция IT10037 (Крепёж);Крепёж;Крепёж;M
IT10039;Позиция IT10039 (Подшипники);Подшипники;Подшипники;M
IT10040;Позиция IT10040 (Кабель);Кабель;Кабель;PACK12
IT10042;Позиция IT10042 (Крепёж);Крепёж;Крепёж;KG
IT10043;Позиция IT10043 (Смазочные материалы);Смазочные материалы;Смазочные материалы;TON
IT10044;Позиция IT10044 (Фильтры);Фильтры;Фильтры;PCS
IT10045;Позиция IT10045 (Инструмент);Инструмент;Инструмент;PACK6
IT10046;Позиция IT10046 (Крепёж);Крепёж;Крепёж;PACK12
IT10048;Позиция IT10048 (Крепёж);Крепёж;Крепёж;TON
IT10049;Позиция IT10049 (Кабель);Кабель;Кабель;TON
IT10050;Позиция IT10050 (Инструмент);Инструмент;Инструмент;PACK24
IT10051;Позиция IT10051 (Смазочные материалы);Смазочные материалы;Смазочные материалы;PACK12
IT10052;Позиция IT10052 (Инструмент);Инструмент;Инструмент;PACK24
IT10053;Позиция IT10053 (Смазочные материалы);Смазочные материалы;Смазочные материалы;M
IT10054;Позиция IT10054 (Электрика);Электрика;Электрика;TON
IT10056;Позиция IT10056 (Подшипники);Подшипники;Подшипники;PACK24
IT10057;Позиция IT10057 (Инструмент);Инструмент;Инструмент;PACK12
IT10058;Позиция IT10058 (Спецодежда);Спецодежда;Спецодежда;KG
IT10059;Позиция IT10059 (Насосы);Насосы;Насосы;PCS
IT10060;Позиция IT10060 (Подшипники);Подшипники;Подшипники;M
IT10061;Позиция IT10061 (Электрика);Электрика;Электрика;PACK24
IT10062;Позиция IT10062 (Подшипники);Подшипники;Подшипники;PACK24
IT10064;Позиция IT10064 (РТИ);РТИ;РТИ;KG
IT10065;Позиция IT10065 (Спецодежда);Спецодежда;Спецодежда;PCS
IT10066;Позиция IT10066 (Инструмент);Инструмент;Инструмент;PCS
IT10067;Позиция IT10067 (Смазочные материалы);Смазочные материалы;Смазочные материалы;PACK24
IT10068;Позиция IT10068 (Инструмент);Инструмент;Инструмент;TON
IT10069;Позиция IT10069 (Подшипники);Подшипники;Подшипники;TON
IT10070;Позиция IT10070 (Крепёж);Крепёж;Крепёж;PACK24
IT10071;Позиция IT10071 (РТИ);РТИ;РТИ;PCS
IT10072;Позиция IT10072 (Инструмент);Инструмент;Инструмент;KG
IT10074;Позиция IT10074 (Подшипники);Подшипники;Подшипники;PCS
IT10075;Позиция IT10075 (Кабель);Кабель;Кабель;PACK12
IT10076;Позиция IT10076 (Насосы);Насосы;Насосы;PCS
IT10077;Позиция IT10077 (Подшипники);Подшипники;Подшипники;KG
IT10078;Позиция IT10078 (Кабель);Кабель;Кабель;PACK12
IT10079;Позиция IT10079 (Фильтры);Фильтры;Фильтры;ROLL50
IT10080;Позиция IT10080 (Спецодежда);Спецодежда;Спецодежда;PACK12
IT10081;Позиция IT10081 (Электрика);Электрика;Электрика;M
IT10082;Позиция IT10082 (Кабель);Кабель;Кабель;KG
IT10083;Позиция IT10083 (Электрика);Электрика;Электрика;PACK24
IT10084;Позиция IT10084 (Смазочные материалы);Смазочные материалы;Смазочные материалы;PACK24
IT10085;Позиция IT10085 (Насосы);Насосы;Насосы;ROLL50
IT10086;Позиция IT10086 (Электрика);Электрика;Электрика;TON
IT10087;Позиция IT10087 (РТИ);РТИ;РТИ;PACK12
IT10088;Позиция IT10088 (РТИ);РТИ;РТИ;PACK6
IT10089;Позиция IT10089 (Электрика);Электрика;Электрика;KG
IT10090;Позиция IT10090 (Спецодежда);Спецодежда;Спецодежда;PACK24
IT10091;Позиция IT10091 (РТИ);РТИ;Фильтры;PACK12
IT10092;Позиция IT10092 (Подшипники);Подшипники;Подшипники;TON
IT10093;Позиция IT10093 (РТИ);РТИ;РТИ;PACK6
IT10094;Позиция IT10094 (РТИ);РТИ;РТИ;M
IT10095;Позиция IT10095 (РТИ);РТИ;РТИ;PACK24
IT10096;Позиция IT10096 (Спецодежда);Спецодежда;Спецодежда;PACK12
IT10097;Позиция IT10097 (Фильтры);Фильтры;Фильтры;PACK12
IT10098;Позиция IT10098 (Кабель);Кабель;Кабель;PACK6
IT10099;Позиция IT10099 (Фильтры);Фильтры;Фильтры;M
IT10100;Позиция IT10100 (Инструмент);Инструмент;Инструмент;PCS
IT10101;Позиция IT10101 (Кабель);Кабель;Кабель;TON
IT10102;Позиция IT10102 (Подшипники);Подшипники;Подшипники;KG
IT10103;Позиция IT10103 (Инструмент);Инструмент;Инструмент;M
IT10104;Позиция IT10104 (Инструмент);Инструмент;Инструмент;KG
IT10105;Позиция IT10105 (Электрика);Электрика;Электрика;TON
IT10106;Позиция IT10106 (Кабель);Кабель;Кабель;TON
IT10107;Позиция IT10107 (Крепёж);Крепёж;Крепёж;PACK12
IT10108;Позиция IT10108 (Кабель);Кабель;Кабель;TON
IT10109;Позиция IT10109 (Подшипники);Подшипники;Подшипники;PACK12
IT10110;Позиция IT10110 (Подшипники);Подшипники;Подшипники;TON
IT10111;Позиция IT10111 (Кабель);Кабель;Кабель;PACK6
IT10112;Позиция IT10112 (РТИ);РТИ;РТИ;PACK24
IT10113;Позиция IT10113 (Фильтры);Фильтры;Фильтры;TON
IT10114;Позиция IT10114 (Инструмент);Инструмент;Инструмент;KG
IT10115;Позиция IT10115 (Спецодежда);Спецодежда;Спецодежда;TON
IT10116;Позиция IT10116 (Инструмент);Инструмент;Инструмент;KG
IT10117;Позиция IT10117 (РТИ);РТИ;РТИ;M
IT10118;Позиция IT10118 (Смазочные материалы);Смазочные материалы;Смазочные материалы;PACK24
IT10119;Позиция IT10119 (Фильтры);Фильтры;Фильтры;PACK6
IT10120;Позиция IT10120 (Фильтры);Фильтры;Фильтры;ROLL50
IT10121;Позиция IT10121 (Крепёж);Крепёж;Крепёж;PACK6
IT10122;Позиция IT10122 (Смазочные материалы);Смазочные материалы;Смазочные материалы;PACK6
IT10123;Позиция IT10123 (Крепёж);Крепёж;Крепёж;PACK24
IT10124;Позиция IT10124 (Фильтры);Фильтры;Фильтры;PCS
IT10125;Позиция IT10125 (Фильтры);Фильтры;Фильтры;TON
IT10126;Позиция IT10126 (Подшипники);Подшипники;Подшипники;M
IT10127;Позиция IT10127 (Фильтры);Фильтры;Фильтры;ROLL50
IT10128;Позиция IT10128 (РТИ);РТИ;РТИ;TON
IT10129;Позиция IT10129 (Смазочные материалы);Смазочные материалы;Смазочные материалы;ROLL50
IT10130;Позиция IT10130 (РТИ);РТИ;РТИ;ROLL50
IT10132;Позиция IT10132 (Кабель);Кабель;Кабель;PACK12
IT10133;Позиция IT10133 (РТИ);РТИ;РТИ;ROLL50
IT10134;Позиция IT10134 (Подшипники);Подшипники;Подшипники;ROLL50
IT10135;Позиция IT10135 (Спецодежда);Спецодежда;Спецодежда;PACK12
IT10136;Позиция IT10136 (Насосы);Насосы;Насосы;PACK6
IT10137;Позиция IT10137 (Инструмент);Инструмент;Инструмент;ROLL50
IT10138;Позиция IT10138 (Инструмент);Инструмент;Инструмент;PACK12
IT10139;Позиция IT10139 (Спецодежда);Спецодежда;Спецодежда;PACK6
IT10140;Позиция IT10140 (Фильтры);Фильтры;Фильтры;ROLL50
IT10141;Позиция IT10141 (Смазочные материалы);Смазочные материалы;Смазочные материалы;TON
IT10143;Позиция IT10143 (Насосы);Насосы;Насосы;KG
IT10144;Позиция IT10144 (Фильтры);Фильтры;Фильтры;M
IT10145;Позиция IT10145 (Насосы);Насосы;Насосы;TON
IT10146;Позиция IT10146 (Спецодежда);Спецодежда;Спецодежда;KG
IT10147;Позиция IT10147 (Подшипники);Подшипники;Подшипники;KG
IT10148;Позиция IT10148 (Насосы);Насосы;Насосы;TON
IT10149;Позиция IT10149 (Фильтры);Фильтры;Фильтры;PACK6
IT10150;Позиция IT10150 (Электрика);Электрика;Электрика;PCS
IT10151;Позиция IT10151 (РТИ);РТИ;РТИ;TON
IT10152;Позиция IT10152 (Инструмент);Инструмент;Инструмент;M
IT10153;Позиция IT10153 (Электрика);Электрика;Электрика;KG
IT10154;Позиция IT10154 (Инструмент);Инструмент;Инструмент;PACK6
IT10155;Позиция IT10155 (Смазочные материалы);Смазочные материалы;Смазочные материалы;PCS
IT10156;Позиция IT10156 (Спецодежда);Спецодежда;Спецодежда;TON
IT10157;Позиция IT10157 (Насосы);Насосы;Насосы;M
IT10158;Позиция IT10158 (Насосы);Насосы;Насосы;PACK12
IT10159;Позиция IT10159 (Крепёж);Крепёж;Фильтры;PACK12
IT10160;Позиция IT10160 (Электрика);Электрика;Смазочные материалы;ROLL50
IT10161;Позиция IT10161 (Кабель);Кабель;Кабель;PACK12
IT10162;Позиция IT10162 (Спецодежда);Спецодежда;Спецодежда;PACK12
IT10163;Позиция IT10163 (РТИ);РТИ;РТИ;M
IT10164;Позиция IT10164 (Инструмент);Инструмент;Фильтры;TON
IT10165;Позиция IT10165 (Фильтры);Фильтры;Фильтры;KG
IT10166;Позиция IT10166 (Электрика);Электрика;РТИ;M
IT10167;Позиция IT10167 (Спецодежда);Спецодежда;Спецодежда;TON
IT10168;Позиция IT10168 (Инструмент);Инструмент;Инструмент;ROLL50
IT10169;Позиция IT10169 (Фильтры);Фильтры;Крепёж;TON
IT10170;Позиция IT10170 (Электрика);Электрика;Электрика;KG
IT10171;Позиция IT10171 (РТИ);РТИ;РТИ;PCS
IT10172;Позиция IT10172 (Смазочные материалы);Смазочные материалы;Смазочные материалы;PACK12
IT10176;Позиция IT10176 (Фильтры);Фильтры;Фильтры;ROLL50
IT10177;Позиция IT10177 (Инструмент);Инструмент;Инструмент;KG
IT10178;Позиция IT10178 (Подшипники);Подшипники;Подшипники;ROLL50
IT10179;Позиция IT10179 (Инструмент);Инструмент;Инструмент;PACK6
IT10180;Позиция IT10180 (Кабель);Кабель;Кабель;ROLL50
IT10181;Позиция IT10181 (Кабель);Кабель;Кабель;PACK6
IT10182;Позиция IT10182 (Спецодежда);Спецодежда;Спецодежда;TON
IT10183;Позиция IT10183 (Электрика);Электрика;Электрика;PCS
IT10184;Позиция IT10184 (Спецодежда);Спецодежда;Спецодежда;PACK6
IT10185;Позиция IT10185 (Электрика);Электрика;Электрика;M
IT10186;Позиция IT10186 (РТИ);РТИ;Насосы;M
IT10187;Позиция IT10187 (Спецодежда);Спецодежда;Спецодежда;KG
IT10188;Позиция IT10188 (Смазочные материалы);Смазочные материалы;Смазочные материалы;PACK6
IT10189;Позиция IT10189 (Спецодежда);Спецодежда;Спецодежда;PCS
IT10190;Позиция IT10190 (Электрика);Электрика;Электрика;KG
IT10191;Позиция IT10191 (Инструмент);Инструмент;Инструмент;TON
IT10192;Позиция IT10192 (Электрика);Электрика;Электрика;ROLL50
IT10193;Позиция IT10193 (Фильтры);Фильтры;Фильтры;PACK6
IT10194;Позиция IT10194 (РТИ);РТИ;РТИ;PACK24
IT10195;Позиция IT10195 (Фильтры);Фильтры;Фильтры;PCS
IT10196;Позиция IT10196 (Инструмент);Инструмент;Инструмент;TON
IT10197;Позиция IT10197 (Кабель);Кабель;Кабель;ROLL50
IT10198;Позиция IT10198 (Инструмент);Инструмент;Инструмент;TON
IT10200;Позиция IT10200 (Инструмент);Инструмент;Инструмент;PACK12
IT10202;Позиция IT10202 (Инструмент);Инструмент;Инструмент;TON
IT10203;Позиция IT10203 (Насосы);Насосы;Насосы;PCS
IT10204;Позиция IT10204 (РТИ);РТИ;РТИ;PACK6
IT10205;Позиция IT10205 (Подшипники);Подшипники;Подшипники;PACK6
IT10206;Позиция IT10206 (Кабель);Кабель;Кабель;PACK24
IT10207;Позиция IT10207 (Электрика);Электрика;Электрика;PACK6
IT10208;Позиция IT10208 (Насосы);Насосы;Насосы;M
IT10209;Позиция IT10209 (Электрика);Электрика;Электрика;PACK24
IT10210;Позиция IT10210 (Смазочные материалы);Смазочные материалы;Смазочные материалы;PACK6
IT10211;Позиция IT10211 (Подшипники);Подшипники;Подшипники;KG
IT10212;Позиция IT10212 (Подшипники);Подшипники;Подшипники;ROLL50
IT10213;Позиция IT10213 (РТИ);РТИ;РТИ;KG
IT10214;Позиция IT10214 (Кабель);Кабель;Кабель;M
IT10216;Позиция IT10216 (Насосы);Насосы;Насосы;KG
IT10217;Позиция IT10217 (Спецодежда);Спецодежда;Спецодежда;PACK24
IT10218;Позиция IT10218 (Спецодежда);Спецодежда;Спецодежда;PACK12
IT10219;Позиция IT10219 (Подшипники);Подшипники;Подшипники;M
IT10221;Позиция IT10221 (Спецодежда);Спецодежда;Спецодежда;PACK12
IT10222;Позиция IT10222 (РТИ);РТИ;РТИ;PCS
IT10223;Позиция IT10223 (Кабель);Кабель;Кабель;PACK12
IT10224;Позиция IT10224 (Спецодежда);Спецодежда;Спецодежда;PACK12
IT10225;Позиция IT10225 (Инструмент);Инструмент;Инструмент;TON
IT10226;Позиция IT10226 (Подшипники);Подшипники;Подшипники;PACK24
IT10227;Позиция IT10227 (Электрика);Электрика;Электрика;ROLL50
IT10228;Позиция IT10228 (Кабель);Кабель;Кабель;ROLL50
IT10229;Позиция IT10229 (РТИ);РТИ;РТИ;PACK12
IT10230;Позиция IT10230 (Спецодежда);Спецодежда;Смазочные материалы;PCS
IT10231;Позиция IT10231 (РТИ);РТИ;РТИ;PCS
IT10232;Позиция IT10232 (Кабель);Кабель;Кабель;PACK24
IT10233;Позиция IT10233 (Инструмент);Инструмент;Спецодежда;PACK24
IT10234;Позиция IT10234 (Крепёж);Крепёж;Крепёж;KG
IT10235;Позиция IT10235 (Насосы);Насосы;Насосы;M
IT10236;Позиция IT10236 (Насосы);Насосы;Насосы;PACK12
IT10237;Позиция IT10237 (Подшипники);Подшипники;Подшипники;KG
IT10238;Позиция IT10238 (Фильтры);Фильтры;Фильтры;ROLL50
IT10239;Позиция IT10239 (РТИ);РТИ;РТИ;PACK6
IT10240;Позиция IT10240 (Спецодежда);Спецодежда;Спецодежда;PCS
IT10241;Позиция IT10241 (Инструмент);Инструмент;Инструмент;TON
IT10242;Позиция IT10242 (Электрика);Электрика;Электрика;ROLL50
IT10243;Позиция IT10243 (Инструмент);Инструмент;Инструмент;PACK6
IT10244;Позиция IT10244 (РТИ);РТИ;РТИ;PACK24
IT10245;Позиция IT10245 (РТИ);РТИ;РТИ;PACK12
IT10246;Позиция IT10246 (Подшипники);Подшипники;Подшипники;PACK6
IT10247;Позиция IT10247 (Крепёж);Крепёж;Крепёж;PACK12
IT10248;Позиция IT10248 (Кабель);Кабель;Кабель;PACK6
IT10249;Позиция IT10249 (РТИ);РТИ;РТИ;PACK12
IT10250;Позиция IT10250 (Спецодежда);Спецодежда;Спецодежда;KG
IT10251;Позиция IT10251 (Электрика);Электрика;Электрика;KG
IT10252;Позиция IT10252 (Спецодежда);Спецодежда;Спецодежда;PCS
IT10253;Позиция IT10253 (Фильтры);Фильтры;Фильтры;PCS
IT10254;Позиция IT10254 (Кабель);Кабель;Кабель;PACK6
IT10255;Позиция IT10255 (Крепёж);Крепёж;Крепёж;PCS
IT10256;Позиция IT10256 (Крепёж);Крепёж;Крепёж;ROLL50
IT10257;Позиция IT10257 (Фильтры);Фильтры;Фильтры;ROLL50
IT10258;Позиция IT10258 (РТИ);РТИ;РТИ;M
IT10259;Позиция IT10259 (Подшипники);Подшипники;Подшипники;PACK6
IT10260;Позиция IT10260 (Подшипники);Подшипники;Подшипники;PACK12
IT10261;Позиция IT10261 (Подшипники);Подшипники;Подшипники;M
IT10262;Позиция IT10262 (Подшипники);Подшипники;Подшипники;TON
IT10263;Позиция IT10263 (Крепёж);Крепёж;Крепёж;KG
IT10264;Позиция IT10264 (Кабель);Кабель;Кабель;ROLL50
IT10265;Позиция IT10265 (Инструмент);Инструмент;Инструмент;PACK12
IT10266;Позиция IT10266 (Фильтры);Фильтры;Фильтры;PACK6
IT10267;Позиция IT10267 (Крепёж);Крепёж;Крепёж;PCS
IT10268;Позиция IT10268 (Фильтры);Фильтры;Фильтры;PCS
IT10269;Позиция IT10269 (Спецодежда);Спецодежда;Спецодежда;PACK24
IT10270;Позиция IT10270 (Крепёж);Крепёж;Инструмент;PCS
IT10271;Позиция IT10271 (Смазочные материалы);Смазочные материалы;Смазочные материалы;PACK24
IT10272;Позиция IT10272 (Крепёж);Крепёж;Крепёж;PACK6
IT10273;Позиция IT10273 (Подшипники);Подшипники;Подшипники;KG
IT10274;Позиция IT10274 (Смазочные материалы);Смазочные материалы;Смазочные материалы;PACK24
IT10275;Позиция IT10275 (Фильтры);Фильтры;Фильтры;PACK12
IT10276;Позиция IT10276 (Насосы);Насосы;Насосы;TON
IT10277;Позиция IT10277 (Фильтры);Фильтры;Фильтры;PCS
IT10279;Позиция IT10279 (Смазочные материалы);Смазочные материалы;Смазочные материалы;PACK12
IT10280;Позиция IT10280 (Крепёж);Крепёж;Крепёж;KG
IT10281;Позиция IT10281 (Спецодежда);Спецодежда;Спецодежда;PACK6
IT10282;Позиция IT10282 (Подшипники);Подшипники;Подшипники;PACK24
IT10283;Позиция IT10283 (Спецодежда);Спецодежда;Спецодежда;PACK6
IT10284;Позиция IT10284 (Смазочные материалы);Смазочные материалы;Смазочные материалы;PACK6
IT10285;Позиция IT10285 (Кабель);Кабель;РТИ;KG
IT10286;Позиция IT10286 (Спецодежда);Спецодежда;Спецодежда;KG
IT10287;Позиция IT10287 (РТИ);РТИ;РТИ;PCS
IT10288;Позиция IT10288 (Кабель);Кабель;Кабель;KG
IT10289;Позиция IT10289 (Кабель);Кабель;Кабель;PCS
IT10290;Позиция IT10290 (Спецодежда);Спецодежда;Спецодежда;PCS
IT10291;Позиция IT10291 (Инструмент);Инструмент;Инструмент;PACK12
IT10292;Позиция IT10292 (Инструмент);Инструмент;Инструмент;PACK24
IT10293;Позиция IT10293 (Инструмент);Инструмент;Инструмент;PACK6
IT10294;Позиция IT10294 (Подшипники);Подшипники;Подшипники;TON
IT10295;Позиция IT10295 (Инструмент);Инструмент;Инструмент;KG
IT10296;Позиция IT10296 (Кабель);Кабель;Кабель;PACK24
IT10297;Позиция IT10297 (Фильтры);Фильтры;Фильтры;KG
IT10298;Позиция IT10298 (Подшипники);Подшипники;Подшипники;M
IT10299;Позиция IT10299 (Кабель);Кабель;Кабель;ROLL50
IT10300;Позиция IT10300 (Крепёж);Крепёж;Крепёж;PACK12
IT10302;Позиция IT10302 (Крепёж);Крепёж;Крепёж;TON
IT10303;Позиция IT10303 (Крепёж);Крепёж;Крепёж;TON
IT10304;Позиция IT10304 (Смазочные материалы);Смазочные материалы;Смазочные материалы;TON
IT10305;Позиция IT10305 (Насосы);Насосы;Насосы;PACK24
IT10306;Позиция IT10306 (Спецодежда);Спецодежда;Спецодежда;PACK12
IT10307;Позиция IT10307 (Смазочные материалы);Смазочные материалы;Смазочные материалы;KG
IT10308;Позиция IT10308 (Насосы);Насосы;Насосы;M
IT10310;Позиция IT10310 (Насосы);Насосы;Насосы;KG
IT10311;Позиция IT10311 (Спецодежда);Спецодежда;Спецодежда;PCS
IT10312;Позиция IT10312 (Насосы);Насосы;Насосы;PACK12
IT10313;Позиция IT10313 (Фильтры);Фильтры;Фильтры;PACK12
IT10314;Позиция IT10314 (Смазочные материалы);Смазочные материалы;Смазочные материалы;PCS
IT10315;Позиция IT10315 (Фильтры);Фильтры;Фильтры;ROLL50
IT10316;Позиция IT10316 (Электрика);Электрика;Электрика;TON
IT10317;Позиция IT10317 (Электрика);Электрика;Электрика;PACK6
IT10318;Позиция IT10318 (Подшипники);Подшипники;Подшипники;PACK12
IT10319;Позиция IT10319 (Подшипники);Подшипники;Подшипники;PCS
IT10320;Позиция IT10320 (Фильтры);Фильтры;Фильтры;PCS
IT10321;Позиция IT10321 (Фильтры);Фильтры;Фильтры;PCS
IT10322;Позиция IT10322 (Спецодежда);Спецодежда;Спецодежда;PCS
IT10323;Позиция IT10323 (Крепёж);Крепёж;Крепёж;PACK24
IT10324;Позиция IT10324 (Подшипники);Подшипники;Подшипники;PACK24
IT10325;Позиция IT10325 (РТИ);РТИ;РТИ;PCS
IT10326;Позиция IT10326 (РТИ);РТИ;РТИ;PACK6
IT10328;Позиция IT10328 (РТИ);РТИ;РТИ;KG
IT10329;Позиция IT10329 (Смазочные материалы);Смазочные материалы;Смазочные материалы;PCS
IT10330;Позиция IT10330 (Электрика);Электрика;Электрика;PACK12
IT10331;Позиция IT10331 (РТИ);РТИ;РТИ;TON
IT10332;Позиция IT10332 (Инструмент);Инструмент;Инструмент;PACK6
IT10333;Позиция IT10333 (Подшипники);Подшипники;Подшипники;ROLL50
IT10334;Позиция IT10334 (Насосы);Насосы;Насосы;PACK6
IT10335;Позиция IT10335 (Электрика);Электрика;Электрика;PACK12
IT10336;Позиция IT10336 (Смазочные материалы);Смазочные материалы;Смазочные материалы;PACK24
IT10337;Позиция IT10337 (Насосы);Насосы;Насосы;KG
IT10338;Позиция IT10338 (Фильтры);Фильтры;Спецодежда;ROLL50
IT10339;Позиция IT10339 (Фильтры);Фильтры;Фильтры;ROLL50
IT10340;Позиция IT10340 (Насосы);Насосы;Насосы;TON
IT10341;Позиция IT10341 (РТИ);РТИ;РТИ;PACK12
IT10342;Позиция IT10342 (Инструмент);Инструмент;Инструмент;M
IT10343;Позиция IT10343 (Смазочные материалы);Смазочные материалы;Смазочные материалы;PACK24
IT10344;Позиция IT10344 (Крепёж);Крепёж;Крепёж;TON
IT10345;Позиция IT10345 (Спецодежда);Спецодежда;Спецодежда;PACK6
IT10346;Позиция IT10346 (Крепёж);Крепёж;Крепёж;ROLL50
IT10348;Позиция IT10348 (Насосы);Насосы;Насосы;PACK12
IT10349;Позиция IT10349 (Спецодежда);Спецодежда;Спецодежда;M
IT10350;Позиция IT10350 (Подшипники);Подшипники;Подшипники;PACK24
IT10351;Позиция IT10351 (Насосы);Насосы;Насосы;TON
IT10352;Позиция IT10352 (Инструмент);Инструмент;Инструмент;PACK6
IT10353;Позиция IT10353 (Смазочные материалы);Смазочные материалы;Смазочные материалы;PACK6
IT10354;Позиция IT10354 (Смазочные материалы);Смазочные материалы;Смазочные материалы;ROLL50
IT10355;Позиция IT10355 (Инструмент);Инструмент;Инструмент;PACK24
IT10356;Позиция IT10356 (Электрика);Электрика;Электрика;PCS
IT10357;Позиция IT10357 (Кабель);Кабель;Кабель;ROLL50
IT10358;Позиция IT10358 (Спецодежда);Спецодежда;Спецодежда;PACK6
IT10359;Позиция IT10359 (Инструмент);Инструмент;Инструмент;TON
IT10360;Позиция IT10360 (Крепёж);Крепёж;Крепёж;ROLL50
IT10361;Позиция IT10361 (Спецодежда);Спецодежда;Спецодежда;KG
IT10362;Позиция IT10362 (Смазочные материалы);Смазочные материалы;Смазочные материалы;M
IT10364;Позиция IT10364 (Подшипники);Подшипники;Подшипники;PACK6
IT10365;Позиция IT10365 (Крепёж);Крепёж;Крепёж;TON
IT10366;Позиция IT10366 (Крепёж);Крепёж;Крепёж;KG
IT10367;Позиция IT10367 (Кабель);Кабель;Кабель;M
IT10368;Позиция IT10368 (Смазочные материалы);Смазочные материалы;Смазочные материалы;PACK6
IT10369;Позиция IT10369 (Электрика);Электрика;Электрика;KG
IT10370;Позиция IT10370 (Насосы);Насосы;Насосы;M
IT10371;Позиция IT10371 (Смазочные материалы);Смазочные материалы;Смазочные материалы;PCS
IT10372;Позиция IT10372 (Насосы);Насосы;Насосы;PCS
IT10373;Позиция IT10373 (Фильтры);Фильтры;Фильтры;PACK6
IT10374;Позиция IT10374 (Фильтры);Фильтры;Фильтры;M
IT10375;Позиция IT10375 (Кабель);Кабель;Кабель;PACK12
IT10376;Позиция IT10376 (Подшипники);Подшипники;Подшипники;ROLL50
IT10377;Позиция IT10377 (Крепёж);Крепёж;Крепёж;PCS
IT10378;Позиция IT10378 (Фильтры);Фильтры;Фильтры;TON
IT10381;Позиция IT10381 (Спецодежда);Спецодежда;Спецодежда;PACK24
IT10382;Позиция IT10382 (Электрика);Электрика;Электрика;TON
IT10383;Позиция IT10383 (Смазочные материалы);Смазочные материалы;Смазочные материалы;TON
IT10384;Позиция IT10384 (Спецодежда);Спецодежда;Спецодежда;KG
IT10385;Позиция IT10385 (Электрика);Электрика;Электрика;ROLL50
IT10386;Позиция IT10386 (Смазочные материалы);Смазочные материалы;Смазочные материалы;PACK6
IT10387;Позиция IT10387 (Крепёж);Крепёж;Крепёж;TON
IT10388;Позиция IT10388 (Электрика);Электрика;Электрика;PCS
IT10389;Позиция IT10389 (Кабель);Кабель;Кабель;TON
IT10390;Позиция IT10390 (Насосы);Насосы;Насосы;PACK12
IT10391;Позиция IT10391 (Крепёж);Крепёж;Крепёж;PACK12
IT10392;Позиция IT10392 (Спецодежда);Спецодежда;Спецодежда;PACK12
IT10393;Позиция IT10393 (Подшипники);Подшипники;Подшипники;PACK24
IT10394;Позиция IT10394 (Крепёж);Крепёж;Крепёж;TON
IT10395;Позиция IT10395 (Крепёж);Крепёж;Крепёж;PACK24
IT10396;Позиция IT10396 (РТИ);РТИ;РТИ;ROLL50
IT10397;Позиция IT10397 (Смазочные материалы);Смазочные материалы;Смазочные материалы;PACK24
IT10398;Позиция IT10398 (Инструмент);Инструмент;Инструмент;PACK6
IT10399;Позиция IT10399 (Инструмент);Инструмент;Инструмент;PACK24
IT10400;Позиция IT10400 (Фильтры);Фильтры;Фильтры;M
IT10401;Позиция IT10401 (Электрика);Электрика;Электрика;KG
IT10403;Позиция IT10403 (Инструмент);Инструмент;Инструмент;PCS
IT10404;Позиция IT10404 (Фильтры);Фильтры;Фильтры;M
IT10405;Позиция IT10405 (Инструмент);Инструмент;Инструмент;PACK12
IT10406;Позиция IT10406 (Насосы);Насосы;Насосы;PACK12
IT10407;Позиция IT10407 (Насосы);Насосы;Насосы;PCS
IT10408;Позиция IT10408 (Подшипники);Подшипники;Подшипники;PCS
IT10409;Позиция IT10409 (Крепёж);Крепёж;Крепёж;PACK24
IT10410;Позиция IT10410 (Инструмент);Инструмент;Инструмент;PACK24
IT10411;Позиция IT10411 (Смазочные материалы);Смазочные материалы;Смазочные материалы;PACK12
IT10412;Позиция IT10412 (Фильтры);Фильтры;Фильтры;PACK12
IT10413;Позиция IT10413 (Подшипники);Подшипники;Подшипники;PACK6
IT10414;Позиция IT10414 (Крепёж);Крепёж;Крепёж;PCS
IT10415;Позиция IT10415 (РТИ);РТИ;РТИ;PACK12
IT10416;Позиция IT10416 (Фильтры);Фильтры;Фильтры;PACK12
IT10417;Позиция IT10417 (РТИ);РТИ;РТИ;PCS
IT10418;Позиция IT10418 (Кабель);Кабель;Кабель;PACK6
IT10419;Позиция IT10419 (Фильтры);Фильтры;Фильтры;PACK24
IT10420;Позиция IT10420 (Крепёж);Крепёж;Крепёж;PACK12
IT10421;Позиция IT10421 (Спецодежда);Спецодежда;Спецодежда;KG
IT10422;Позиция IT10422 (Насосы);Насосы;Насосы;PACK24
IT10423;Позиция IT10423 (Крепёж);Крепёж;Крепёж;M
IT10424;Позиция IT10424 (Насосы);Насосы;Насосы;KG
IT10425;Позиция IT10425 (РТИ);РТИ;РТИ;PACK12
IT10426;Позиция IT10426 (Электрика);Электрика;Электрика;PACK24
IT10427;Позиция IT10427 (Смазочные материалы);Смазочные материалы;Смазочные материалы;PACK24
IT10428;Позиция IT10428 (РТИ);РТИ;РТИ;PACK24
IT10429;Позиция IT10429 (Смазочные материалы);Смазочные материалы;Смазочные материалы;KG
IT10430;Позиция IT10430 (Инструмент);Инструмент;Инструмент;ROLL50
IT10431;Позиция IT10431 (Насосы);Насосы;Насосы;M
IT10432;Позиция IT10432 (Фильтры);Фильтры;Фильтры;TON
IT10433;Позиция IT10433 (Кабель);Кабель;Кабель;PCS
IT10434;Позиция IT10434 (Смазочные материалы);Смазочные материалы;Смазочные материалы;PACK6
IT10435;Позиция IT10435 (Крепёж);Крепёж;Крепёж;PCS
IT10436;Позиция IT10436 (Смазочные материалы);Смазочные материалы;Смазочные материалы;KG
IT10437;Позиция IT10437 (Смазочные материалы);Смазочные материалы;Смазочные материалы;M
IT10438;Позиция IT10438 (Смазочные материалы);Смазочные материалы;Смазочные материалы;PACK6
IT10440;Позиция IT10440 (Кабель);Кабель;Кабель;PACK24
IT10441;Позиция IT10441 (Насосы);Насосы;Насосы;PACK24
IT10442;Позиция IT10442 (Спецодежда);Спецодежда;Спецодежда;TON
IT10443;Позиция IT10443 (Инструмент);Инструмент;Инструмент;TON
IT10444;Позиция IT10444 (Фильтры);Фильтры;Фильтры;PACK6
IT10445;Позиция IT10445 (Электрика);Электрика;Электрика;TON
IT10446;Позиция IT10446 (РТИ);РТИ;РТИ;ROLL50
IT10447;Позиция IT10447 (РТИ);РТИ;РТИ;PCS
IT10448;Позиция IT10448 (Смазочные материалы);Смазочные материалы;Смазочные материалы;M
IT10449;Позиция IT10449 (Подшипники);Подшипники;Подшипники;KG
IT10450;Позиция IT10450 (Спецодежда);Спецодежда;Спецодежда;ROLL50
IT10451;Позиция IT10451 (Подшипники);Подшипники;Подшипники;ROLL50
IT10452;Позиция IT10452 (Насосы);Насосы;Насосы;ROLL50
IT10453;Позиция IT10453 (Смазочные материалы);Смазочные материалы;Смазочные материалы;PACK24
IT10454;Позиция IT10454 (Смазочные материалы);Смазочные материалы;Насосы;PACK6
IT10456;Позиция IT10456 (Кабель);Кабель;Кабель;KG
IT10457;Позиция IT10457 (РТИ);РТИ;РТИ;ROLL50
IT10458;Позиция IT10458 (Кабель);Кабель;Кабель;PACK6
IT10459;Позиция IT10459 (Насосы);Насосы;Насосы;M
IT10460;Позиция IT10460 (Подшипники);Подшипники;Подшипники;PCS
IT10461;Позиция IT10461 (Кабель);Кабель;Кабель;TON
IT10462;Позиция IT10462 (Спецодежда);Спецодежда;Спецодежда;PACK24
IT10464;Позиция IT10464 (Инструмент);Инструмент;Инструмент;PACK24
IT10465;Позиция IT10465 (РТИ);РТИ;РТИ;PACK12
IT10466;Позиция IT10466 (Смазочные материалы);Смазочные материалы;Смазочные материалы;ROLL50
IT10467;Позиция IT10467 (Крепёж);Крепёж;Крепёж;PACK6
IT10468;Позиция IT10468 (Фильтры);Фильтры;Фильтры;ROLL50
IT10469;Позиция IT10469 (Смазочные материалы);Смазочные материалы;Смазочные материалы;ROLL50
IT10470;Позиция IT10470 (Подшипники);Подшипники;Насосы;KG
IT10471;Позиция IT10471 (Кабель);Кабель;Кабель;TON
IT10472;Позиция IT10472 (РТИ);РТИ;РТИ;ROLL50
IT10473;Позиция IT10473 (Спецодежда);Спецодежда;Спецодежда;ROLL50
IT10474;Позиция IT10474 (Электрика);Электрика;Электрика;M
IT10475;Позиция IT10475 (Крепёж);Крепёж;Крепёж;PACK12
IT10476;Позиция IT10476 (Фильтры);Фильтры;Фильтры;M
IT10477;Позиция IT10477 (Фильтры);Фильтры;Фильтры;PACK24
IT10478;Позиция IT10478 (Подшипники);Подшипники;Подшипники;M
IT10479;Позиция IT10479 (Электрика);Электрика;Крепёж;TON
IT10480;Позиция IT10480 (Инструмент);Инструмент;Инструмент;PACK24
IT10481;Позиция IT10481 (Крепёж);Крепёж;Крепёж;KG
IT10482;Позиция IT10482 (Кабель);Кабель;Кабель;KG
IT10483;Позиция IT10483 (Кабель);Кабель;Кабель;TON
IT10484;Позиция IT10484 (Насосы);Насосы;Насосы;TON
IT10485;Позиция IT10485 (Электрика);Электрика;Электрика;PACK6
IT10486;Позиция IT10486 (Фильтры);Фильтры;Фильтры;PCS
IT10487;Позиция IT10487 (Крепёж);Крепёж;Крепёж;ROLL50
IT10488;Позиция IT10488 (Насосы);Насосы;Насосы;M
IT10489;Позиция IT10489 (Электрика);Электрика;Электрика;PCS
IT10490;Позиция IT10490 (Крепёж);Крепёж;Крепёж;ROLL50
IT10491;Позиция IT10491 (Спецодежда);Спецодежда;Спецодежда;TON
IT10492;Позиция IT10492 (Кабель);Кабель;Кабель;PACK12
IT10493;Позиция IT10493 (Крепёж);Крепёж;Крепёж;ROLL50
IT10494;Позиция IT10494 (Фильтры);Фильтры;Фильтры;PACK12
IT10495;Позиция IT10495 (Насосы);Насосы;Насосы;PCS
IT10496;Позиция IT10496 (РТИ);РТИ;РТИ;TON
IT10497;Позиция IT10497 (Насосы);Насосы;Насосы;PACK24
IT10498;Позиция IT10498 (Крепёж);Крепёж;Крепёж;PACK12
IT10499;Позиция IT10499 (Крепёж);Крепёж;Крепёж;KG
IT10500;Позиция IT10500 (Насосы);Насосы;Насосы;PCS
IT10501;Позиция IT10501 (Крепёж);Крепёж;Крепёж;PCS
IT10502;Позиция IT10502 (Насосы);Насосы;Насосы;PCS
IT10503;Позиция IT10503 (Фильтры);Фильтры;Фильтры;ROLL50
IT10504;Позиция IT10504 (Инструмент);Инструмент;Инструмент;PACK12
IT10505;Позиция IT10505 (Насосы);Насосы;Насосы;ROLL50
IT10507;Позиция IT10507 (Инструмент);Инструмент;Подшипники;PACK24
IT10508;Позиция IT10508 (Смазочные материалы);Смазочные материалы;Смазочные материалы;M
IT10509;Позиция IT10509 (Электрика);Электрика;Электрика;PACK12
IT10510;Позиция IT10510 (Электрика);Электрика;Электрика;PACK24
IT10511;Позиция IT10511 (Кабель);Кабель;Кабель;M
IT10512;Позиция IT10512 (Крепёж);Крепёж;Крепёж;PCS
IT10513;Позиция IT10513 (Подшипники);Подшипники;Подшипники;PACK12
IT10514;Позиция IT10514 (Подшипники);Подшипники;Подшипники;PCS
IT10515;Позиция IT10515 (Подшипники);Подшипники;Подшипники;M
IT10516;Позиция IT10516 (Крепёж);Крепёж;Крепёж;PACK12
IT10517;Позиция IT10517 (РТИ);РТИ;РТИ;PACK24
IT10519;Позиция IT10519 (РТИ);РТИ;РТИ;ROLL50
IT10520;Позиция IT10520 (Инструмент);Инструмент;Инструмент;PCS
IT10521;Позиция IT10521 (Фильтры);Фильтры;Фильтры;KG
IT10522;Позиция IT10522 (Кабель);Кабель;Кабель;PACK12
IT10523;Позиция IT10523 (Подшипники);Подшипники;Подшипники;PCS
IT10524;Позиция IT10524 (Смазочные материалы);Смазочные материалы;Смазочные материалы;PACK6
IT10525;Позиция IT10525 (Спецодежда);Спецодежда;Подшипники;PACK6
IT10526;Позиция IT10526 (Крепёж);Крепёж;Крепёж;ROLL50
IT10527;Позиция IT10527 (Электрика);Электрика;Электрика;PACK6
IT10528;Позиция IT10528 (Подшипники);Подшипники;Подшипники;PACK6
IT10529;Позиция IT10529 (Насосы);Насосы;Насосы;PACK6
IT10530;Позиция IT10530 (Фильтры);Фильтры;Фильтры;TON
IT10531;Позиция IT10531 (РТИ);РТИ;РТИ;ROLL50
IT10532;Позиция IT10532 (Кабель);Кабель;Кабель;ROLL50
IT10533;Позиция IT10533 (Кабель);Кабель;Кабель;M
IT10534;Позиция IT10534 (Подшипники);Подшипники;Подшипники;PACK6
IT10536;Позиция IT10536 (Насосы);Насосы;Насосы;M
IT10537;Позиция IT10537 (Подшипники);Подшипники;Подшипники;KG
IT10538;Позиция IT10538 (Подшипники);Подшипники;Подшипники;PACK6
IT10539;Позиция IT10539 (Подшипники);Подшипники;Подшипники;PCS
IT10540;Позиция IT10540 (Инструмент);Инструмент;Инструмент;TON
IT10541;Позиция IT10541 (Насосы);Насосы;Насосы;TON
IT10542;Позиция IT10542 (Кабель);Кабель;Кабель;M
IT10543;Позиция IT10543 (РТИ);РТИ;РТИ;PACK6
IT10544;Позиция IT10544 (Фильтры);Фильтры;Фильтры;ROLL50
IT10545;Позиция IT10545 (Смазочные материалы);Смазочные материалы;Смазочные материалы;TON
IT10547;Позиция IT10547 (Инструмент);Инструмент;Инструмент;PACK24
IT10548;Позиция IT10548 (Подшипники);Подшипники;Подшипники;PACK6
IT10549;Позиция IT10549 (РТИ);РТИ;РТИ;ROLL50
IT10550;Позиция IT10550 (Подшипники);Подшипники;Подшипники;ROLL50
IT10551;Позиция IT10551 (Смазочные материалы);Смазочные материалы;Смазочные материалы;PACK12
IT10552;Позиция IT10552 (Крепёж);Крепёж;Крепёж;KG
IT10553;Позиция IT10553 (Подшипники);Подшипники;Подшипники;PACK24
IT10554;Позиция IT10554 (Подшипники);Подшипники;Насосы;ROLL50
IT10555;Позиция IT10555 (Инструмент);Инструмент;Инструмент;PACK24
IT10556;Позиция IT10556 (Крепёж);Крепёж;Крепёж;PCS
IT10557;Позиция IT10557 (Подшипники);Подшипники;Электрика;PACK6
IT10558;Позиция IT10558 (Подшипники);Подшипники;Подшипники;PACK6
IT10559;Позиция IT10559 (Насосы);Насосы;Насосы;PACK12
IT10560;Позиция IT10560 (Насосы);Насосы;Насосы;PACK24
IT10561;Позиция IT10561 (Кабель);Кабель;Кабель;PACK6
IT10562;Позиция IT10562 (Смазочные материалы);Смазочные материалы;Смазочные материалы;KG
IT10563;Позиция IT10563 (Спецодежда);Спецодежда;Спецодежда;KG
IT10565;Позиция IT10565 (Кабель);Кабель;Кабель;KG
IT10566;Позиция IT10566 (Насосы);Насосы;Насосы;PACK12
IT10567;Позиция IT10567 (Смазочные материалы);Смазочные материалы;Смазочные материалы;PACK12
IT10568;Позиция IT10568 (Смазочные материалы);Смазочные материалы;Смазочные материалы;KG
IT10569;Позиция IT10569 (Насосы);Насосы;Насосы;KG
IT10570;Позиция IT10570 (Электрика);Электрика;Электрика;TON
IT10571;Позиция IT10571 (Электрика);Электрика;Электрика;PACK6
IT10572;Позиция IT10572 (Крепёж);Крепёж;Крепёж;KG
IT10573;Позиция IT10573 (Насосы);Насосы;Насосы;PACK12
IT10574;Позиция IT10574 (Кабель);Кабель;Кабель;ROLL50
IT10575;Позиция IT10575 (Спецодежда);Спецодежда;Спецодежда;PACK6
IT10576;Позиция IT10576 (Электрика);Электрика;Электрика;PACK12
IT10577;Позиция IT10577 (Инструмент);Инструмент;Инструмент;PACK6
IT10578;Позиция IT10578 (Крепёж);Крепёж;Крепёж;M
IT10579;Позиция IT10579 (Кабель);Кабель;Кабель;ROLL50
IT10580;Позиция IT10580 (РТИ);РТИ;РТИ;KG
IT10581;Позиция IT10581 (Спецодежда);Спецодежда;Спецодежда;PCS
IT10582;Позиция IT10582 (РТИ);РТИ;Инструмент;TON
IT10583;Позиция IT10583 (Электрика);Электрика;Электрика;PACK6
IT10584;Позиция IT10584 (Подшипники);Подшипники;Подшипники;M
IT10585;Позиция IT10585 (Насосы);Насосы;Насосы;ROLL50
IT10586;Позиция IT10586 (Кабель);Кабель;Кабель;PCS
IT10587;Позиция IT10587 (Подшипники);Подшипники;Подшипники;PACK6
IT10588;Позиция IT10588 (Смазочные материалы);Смазочные материалы;Смазочные материалы;KG
IT10589;Позиция IT10589 (Насосы);Насосы;Насосы;PCS
IT10590;Позиция IT10590 (Подшипники);Подшипники;Подшипники;PCS
IT10591;Позиция IT10591 (Электрика);Электрика;Электрика;PACK24
IT10592;Позиция IT10592 (Фильтры);Фильтры;Фильтры;M
IT10593;Позиция IT10593 (РТИ);РТИ;РТИ;PACK6
IT10594;Позиция IT10594 (Электрика);Электрика;Электрика;TON
IT10595;Позиция IT10595 (Смазочные материалы);Смазочные материалы;Смазочные материалы;PCS
IT10596;Позиция IT10596 (Подшипники);Подшипники;Подшипники;PACK6
IT10597;Позиция IT10597 (Смазочные материалы);Смазочные материалы;Смазочные материалы;KG
IT10598;Позиция IT10598 (Насосы);Насосы;Насосы;M
IT10599;Позиция IT10599 (Подшипники);Подшипники;Подшипники;KG
IT10600;Позиция IT10600 (Фильтры);Фильтры;Фильтры;PACK24
IT10601;Позиция IT10601 (Крепёж);Крепёж;Крепёж;PCS
IT10602;Позиция IT10602 (Подшипники);Подшипники;Подшипники;KG
IT10603;Позиция IT10603 (Спецодежда);Спецодежда;Спецодежда;PACK12
IT10605;Позиция IT10605 (РТИ);РТИ;РТИ;KG
IT10606;Позиция IT10606 (Смазочные материалы);Смазочные материалы;Смазочные материалы;M
IT10607;Позиция IT10607 (Электрика);Электрика;Электрика;ROLL50
IT10608;Позиция IT10608 (Кабель);Кабель;Кабель;PACK12
IT10609;Позиция IT10609 (Кабель);Кабель;Кабель;PACK24
IT10610;Позиция IT10610 (Подшипники);Подшипники;РТИ;TON
IT10611;Позиция IT10611 (Электрика);Электрика;Электрика;PACK12
IT10612;Позиция IT10612 (Спецодежда);Спецодежда;Спецодежда;KG
IT10613;Позиция IT10613 (Подшипники);Подшипники;Подшипники;M
IT10614;Позиция IT10614 (Подшипники);Подшипники;Подшипники;M
IT10615;Позиция IT10615 (Насосы);Насосы;Насосы;TON
IT10616;Позиция IT10616 (Крепёж);Крепёж;Крепёж;PACK12
IT10617;Позиция IT10617 (Спецодежда);Спецодежда;Спецодежда;PACK6
IT10618;Позиция IT10618 (Фильтры);Фильтры;Фильтры;PACK6
IT10619;Позиция IT10619 (Кабель);Кабель;Кабель;TON
IT10620;Позиция IT10620 (Подшипники);Подшипники;Подшипники;KG
IT10621;Позиция IT10621 (Крепёж);Крепёж;Крепёж;ROLL50
IT10623;Позиция IT10623 (Спецодежда);Спецодежда;Спецодежда;PACK6
IT10624;Позиция IT10624 (РТИ);РТИ;РТИ;PCS
IT10625;Позиция IT10625 (Инструмент);Инструмент;РТИ;ROLL50
IT10626;Позиция IT10626 (Подшипники);Подшипники;Подшипники;KG
IT10627;Позиция IT10627 (Инструмент);Инструмент;Инструмент;PCS
IT10628;Позиция IT10628 (Смазочные материалы);Смазочные материалы;Смазочные материалы;KG
IT10629;Позиция IT10629 (Электрика);Электрика;Электрика;PACK12
IT10630;Позиция IT10630 (Подшипники);Подшипники;Подшипники;M
IT10631;Позиция IT10631 (Спецодежда);Спецодежда;Спецодежда;M
IT10632;Позиция IT10632 (Электрика);Электрика;Электрика;PACK6
IT10633;Позиция IT10633 (Фильтры);Фильтры;Фильтры;PCS
IT10634;Позиция IT10634 (Смазочные материалы);Смазочные материалы;Смазочные материалы;PACK6
IT10635;Позиция IT10635 (Насосы);Насосы;Насосы;PACK6
IT10636;Позиция IT10636 (Крепёж);Крепёж;Крепёж;M
IT10637;Позиция IT10637 (РТИ);РТИ;РТИ;PCS
IT10638;Позиция IT10638 (Насосы);Насосы;Насосы;PACK24
IT10639;Позиция IT10639 (Электрика);Электрика;Электрика;PACK24
IT10640;Позиция IT10640 (Подшипники);Подшипники;Подшипники;PACK24
IT10641;Позиция IT10641 (Крепёж);Крепёж;Крепёж;PACK24
IT10642;Позиция IT10642 (Спецодежда);Спецодежда;Спецодежда;PACK24
IT10643;Позиция IT10643 (Смазочные материалы);Смазочные материалы;Смазочные материалы;KG
IT10644;Позиция IT10644 (Смазочные материалы);Смазочные материалы;Смазочные материалы;ROLL50
IT10645;Позиция IT10645 (Фильтры);Фильтры;Фильтры;KG
IT10646;Позиция IT10646 (Подшипники);Подшипники;Кабель;PACK24
IT10647;Позиция IT10647 (Спецодежда);Спецодежда;Спецодежда;PACK24
IT10648;Позиция IT10648 (Кабель);Кабель;Кабель;TON
IT10649;Позиция IT10649 (Инструмент);Инструмент;Инструмент;M
IT10650;Позиция IT10650 (Крепёж);Крепёж;Крепёж;PACK6
IT10651;Позиция IT10651 (Спецодежда);Спецодежда;Спецодежда;PCS
IT10652;Позиция IT10652 (Крепёж);Крепёж;Крепёж;PACK6
IT10653;Позиция IT10653 (РТИ);РТИ;Инструмент;KG
IT10654;Позиция IT10654 (Крепёж);Крепёж;Инструмент;M
IT10655;Позиция IT10655 (Инструмент);Инструмент;Инструмент;KG
IT10656;Позиция IT10656 (Электрика);Электрика;Электрика;M
IT10657;Позиция IT10657 (Электрика);Электрика;Электрика;ROLL50
IT10658;Позиция IT10658 (Спецодежда);Спецодежда;Спецодежда;ROLL50
IT10659;Позиция IT10659 (Смазочные материалы);Смазочные материалы;Фильтры;PACK6
IT10660;Позиция IT10660 (Смазочные материалы);Смазочные материалы;Смазочные материалы;M
IT10661;Позиция IT10661 (Спецодежда);Спецодежда;Спецодежда;M
IT10662;Позиция IT10662 (РТИ);РТИ;РТИ;TON
IT10663;Позиция IT10663 (РТИ);РТИ;РТИ;PCS
IT10664;Позиция IT10664 (Смазочные материалы);Смазочные материалы;Смазочные материалы;PACK12
IT10665;Позиция IT10665 (Крепёж);Крепёж;Крепёж;PACK12
IT10666;Позиция IT10666 (Крепёж);Крепёж;Крепёж;PACK12
IT10667;Позиция IT10667 (Крепёж);Крепёж;Крепёж;ROLL50
IT10668;Позиция IT10668 (Фильтры);Фильтры;Фильтры;M
IT10669;Позиция IT10669 (Подшипники);Подшипники;Подшипники;PACK12
IT10670;Позиция IT10670 (Электрика);Электрика;Крепёж;PACK6
IT10671;Позиция IT10671 (Фильтры);Фильтры;Фильтры;PACK24
IT10672;Позиция IT10672 (Смазочные материалы);Смазочные материалы;Смазочные материалы;PCS
IT10673;Позиция IT10673 (Крепёж);Крепёж;Крепёж;PACK12
IT10674;Позиция IT10674 (Фильтры);Фильтры;Фильтры;PACK24
IT10675;Позиция IT10675 (Крепёж);Крепёж;Насосы;PACK24
IT10676;Позиция IT10676 (Крепёж);Крепёж;Крепёж;TON
IT10677;Позиция IT10677 (Крепёж);Крепёж;Крепёж;PACK6
IT10678;Позиция IT10678 (Крепёж);Крепёж;Крепёж;PCS
IT10679;Позиция IT10679 (Подшипники);Подшипники;Подшипники;M
IT10680;Позиция IT10680 (Спецодежда);Спецодежда;Спецодежда;PACK24
IT10681;Позиция IT10681 (РТИ);РТИ;РТИ;PACK24
IT10682;Позиция IT10682 (Подшипники);Подшипники;Подшипники;PACK6
IT10683;Позиция IT10683 (Смазочные материалы);Смазочные материалы;Смазочные материалы;M
IT10684;Позиция IT10684 (Электрика);Электрика;Электрика;ROLL50
IT10685;Позиция IT10685 (Кабель);Кабель;Кабель;ROLL50
IT10686;Позиция IT10686 (Кабель);Кабель;Насосы;PACK6
IT10688;Позиция IT10688 (Крепёж);Крепёж;Крепёж;KG
IT10689;Позиция IT10689 (Смазочные материалы);Смазочные материалы;Смазочные материалы;M
IT10690;Позиция IT10690 (Смазочные материалы);Смазочные материалы;Смазочные материалы;PACK24
IT10691;Позиция IT10691 (РТИ);РТИ;РТИ;PACK12
IT10692;Позиция IT10692 (Насосы);Насосы;Насосы;KG
IT10693;Позиция IT10693 (Смазочные материалы);Смазочные материалы;Смазочные материалы;M
IT10694;Позиция IT10694 (Подшипники);Подшипники;Подшипники;PACK24
IT10695;Позиция IT10695 (Крепёж);Крепёж;Крепёж;PCS
IT10696;Позиция IT10696 (Электрика);Электрика;Электрика;ROLL50
IT10697;Позиция IT10697 (Смазочные материалы);Смазочные материалы;Смазочные материалы;TON
IT10698;Позиция IT10698 (Электрика);Электрика;Электрика;M
IT10699;Позиция IT10699 (Кабель);Кабель;Кабель;TON
IT10700;Позиция IT10700 (Подшипники);Подшипники;Подшипники;TON
IT10701;Позиция IT10701 (Насосы);Насосы;Насосы;PACK6
IT10702;Позиция IT10702 (Спецодежда);Спецодежда;Спецодежда;PACK12
IT10703;Позиция IT10703 (Насосы);Насосы;Насосы;PCS
IT10704;Позиция IT10704 (Электрика);Электрика;Электрика;KG
IT10706;Позиция IT10706 (Фильтры);Фильтры;Фильтры;M
IT10707;Позиция IT10707 (РТИ);РТИ;РТИ;ROLL50
IT10708;Позиция IT10708 (Насосы);Насосы;Насосы;TON
IT10709;Позиция IT10709 (РТИ);РТИ;РТИ;PACK24
IT10710;Позиция IT10710 (Электрика);Электрика;Электрика;PCS
IT10711;Позиция IT10711 (Кабель);Кабель;Кабель;ROLL50
IT10712;Позиция IT10712 (Инструмент);Инструмент;Инструмент;PACK12
IT10713;Позиция IT10713 (Подшипники);Подшипники;Подшипники;TON
IT10714;Позиция IT10714 (Подшипники);Подшипники;Подшипники;PACK24
IT10715;Позиция IT10715 (Фильтры);Фильтры;Фильтры;KG
IT10716;Позиция IT10716 (Электрика);Электрика;Электрика;M
IT10717;Позиция IT10717 (Крепёж);Крепёж;Крепёж;PACK6
IT10718;Позиция IT10718 (Подшипники);Подшипники;Подшипники;ROLL50
IT10719;Позиция IT10719 (Подшипники);Подшипники;Подшипники;PACK12
IT10720;Позиция IT10720 (Спецодежда);Спецодежда;Спецодежда;ROLL50
IT10721;Позиция IT10721 (Кабель);Кабель;Кабель;KG
IT10722;Позиция IT10722 (Насосы);Насосы;Насосы;PACK6
IT10723;Позиция IT10723 (Крепёж);Крепёж;Крепёж;PACK12
IT10724;Позиция IT10724 (Подшипники);Подшипники;Подшипники;M
IT10725;Позиция IT10725 (Подшипники);Подшипники;Подшипники;TON
IT10726;Позиция IT10726 (Крепёж);Крепёж;Крепёж;ROLL50
IT10727;Позиция IT10727 (Смазочные материалы);Смазочные материалы;Смазочные материалы;PACK6
IT10728;Позиция IT10728 (Инструмент);Инструмент;Инструмент;PACK24
IT10730;Позиция IT10730 (Смазочные материалы);Смазочные материалы;Смазочные материалы;M
IT10731;Позиция IT10731 (Насосы);Насосы;Насосы;M
IT10732;Позиция IT10732 (РТИ);РТИ;РТИ;PACK24
IT10733;Позиция IT10733 (Кабель);Кабель;Кабель;TON
IT10734;Позиция IT10734 (Подшипники);Подшипники;Подшипники;KG
IT10735;Позиция IT10735 (Смазочные материалы);Смазочные материалы;Смазочные материалы;PACK6
IT10736;Позиция IT10736 (Электрика);Электрика;Электрика;ROLL50
IT10737;Позиция IT10737 (Инструмент);Инструмент;Инструмент;M
IT10738;Позиция IT10738 (Смазочные материалы);Смазочные материалы;Смазочные материалы;M
IT10739;Позиция IT10739 (Спецодежда);Спецодежда;Спецодежда;M
IT10740;Позиция IT10740 (Подшипники);Подшипники;Подшипники;PACK24
IT10741;Позиция IT10741 (Спецодежда);Спецодежда;Спецодежда;PACK6
IT10742;Позиция IT10742 (Спецодежда);Спецодежда;Спецодежда;M
IT10743;Позиция IT10743 (Фильтры);Фильтры;Фильтры;KG
IT10744;Позиция IT10744 (РТИ);РТИ;РТИ;PACK12
IT10745;Позиция IT10745 (РТИ);РТИ;РТИ;PACK12
IT10746;Позиция IT10746 (Насосы);Насосы;Насосы;PACK12
IT10747;Позиция IT10747 (Спецодежда);Спецодежда;Спецодежда;M
IT10748;Позиция IT10748 (Подшипники);Подшипники;Подшипники;PCS
IT10749;Позиция IT10749 (Подшипники);Подшипники;Подшипники;M
IT10750;Позиция IT10750 (Кабель);Кабель;Кабель;PACK12
IT10751;Позиция IT10751 (Инструмент);Инструмент;Инструмент;M
IT10753;Позиция IT10753 (Крепёж);Крепёж;Крепёж;KG
IT10754;Позиция IT10754 (Крепёж);Крепёж;Крепёж;ROLL50
IT10755;Позиция IT10755 (Подшипники);Подшипники;Подшипники;PCS
IT10757;Позиция IT10757 (Инструмент);Инструмент;Инструмент;M
IT10758;Позиция IT10758 (Крепёж);Крепёж;Крепёж;PACK12
IT10759;Позиция IT10759 (Фильтры);Фильтры;Фильтры;M
IT10760;Позиция IT10760 (Кабель);Кабель;Кабель;KG
IT10761;Позиция IT10761 (Фильтры);Фильтры;Фильтры;PACK12
IT10762;Позиция IT10762 (Подшипники);Подшипники;Подшипники;PACK12
IT10763;Позиция IT10763 (Кабель);Кабель;Кабель;ROLL50
IT10764;Позиция IT10764 (Крепёж);Крепёж;Крепёж;PACK6
IT10765;Позиция IT10765 (Спецодежда);Спецодежда;Спецодежда;TON
IT10766;Позиция IT10766 (Подшипники);Подшипники;Подшипники;PACK6
IT10767;Позиция IT10767 (Смазочные материалы);Смазочные материалы;Смазочные материалы;PACK24
IT10768;Позиция IT10768 (Кабель);Кабель;Кабель;PACK6
IT10769;Позиция IT10769 (Инструмент);Инструмент;Инструмент;PACK24
IT10770;Позиция IT10770 (Смазочные материалы);Смазочные материалы;Смазочные материалы;PACK6
IT10771;Позиция IT10771 (Насосы);Насосы;Насосы;KG
IT10772;Позиция IT10772 (Фильтры);Фильтры;Фильтры;KG
IT10773;Позиция IT10773 (Кабель);Кабель;Кабель;PACK6
IT10774;Позиция IT10774 (Подшипники);Подшипники;Подшипники;PACK24
IT10775;Позиция IT10775 (Смазочные материалы);Смазочные материалы;Смазочные материалы;TON
IT10776;Позиция IT10776 (Фильтры);Фильтры;Фильтры;PACK6
IT10778;Позиция IT10778 (Электрика);Электрика;Электрика;M
IT10779;Позиция IT10779 (Насосы);Насосы;Насосы;PACK24
IT10780;Позиция IT10780 (РТИ);РТИ;РТИ;PACK24
IT10781;Позиция IT10781 (Кабель);Кабель;Кабель;ROLL50
IT10782;Позиция IT10782 (Спецодежда);Спецодежда;Спецодежда;PACK6
IT10783;Позиция IT10783 (Спецодежда);Спецодежда;Спецодежда;PCS
IT10784;Позиция IT10784 (РТИ);РТИ;РТИ;PACK12
IT10785;Позиция IT10785 (Инструмент);Инструмент;Инструмент;TON
IT10786;Позиция IT10786 (Подшипники);Подшипники;Подшипники;KG
IT10787;Позиция IT10787 (Фильтры);Фильтры;Фильтры;PCS
IT10788;Позиция IT10788 (Инструмент);Инструмент;Инструмент;PACK12
IT10789;Позиция IT10789 (Кабель);Кабель;Кабель;ROLL50
IT10790;Позиция IT10790 (Фильтры);Фильтры;Насосы;PCS
IT10791;Позиция IT10791 (Спецодежда);Спецодежда;Спецодежда;PACK12
IT10792;Позиция IT10792 (Насосы);Насосы;Насосы;KG
IT10793;Позиция IT10793 (Насосы);Насосы;Насосы;PACK24
IT10794;Позиция IT10794 (Насосы);Насосы;Насосы;ROLL50
IT10795;Позиция IT10795 (Смазочные материалы);Смазочные материалы;Смазочные материалы;KG
IT10796;Позиция IT10796 (Электрика);Электрика;Электрика;ROLL50
IT10797;Позиция IT10797 (Смазочные материалы);Смазочные материалы;Смазочные материалы;M
IT10798;Позиция IT10798 (Насосы);Насосы;Насосы;PACK6
IT10799;Позиция IT10799 (Подшипники);Подшипники;Подшипники;KG
